Workbook

Sheet ebit_12m
B1: EBIT | C1: data real | D1: 45122 | E1: 45153 | F1: 45184
B2: 12M | C2: data cont | D2: 45016 | E2: 45107 | F2: 45107
A4: 3r Petroleum | B4: ON | C4: RRRP3 | D4: 205648000 | E4: 113912000 | F4: 113912000
A5: 3tentos | B5: ON | C5: TTEN3 | D5: 601813000 | E5: 488863000 | F5: 488863000
A6: 521 Particip | B6: ON | C6: QVUM3B
A7: 524 Particip | B7: ON | C7: QVQP3B | D7: -134000 | E7: -134000 | F7: -134000
A8: A P Participacoes | B8: ON | C8: APPA3
A9: A P Participacoes | B9: PN | C9: APPA4
A10: Abc Brasil | B10: ON | C10: ABCB3
A11: Abc Brasil | B11: PN | C11: ABCB4
A12: Abc Brasil | B12: UNT N2 | C12: ABCB11
A13: Abyara | B13: ON | C13: ABYA3
A14: Aco Altona | B14: ON | C14: EALT3 | D14: 53686000 | E14: 50303000 | F14: 50303000
A15: Aco Altona | B15: PN | C15: EALT4 | D15: 53686000 | E15: 50303000 | F15: 50303000
A16: Acos Vill | B16: ON | C16: AVIL3
A17: Acos Vill | B17: PN | C17: AVIL4
A18: Advanced-Dh | B18: ON | C18: ADHM3
A19: Aeris | B19: ON | C19: AERI3 | D19: 254680000 | E19: 277859000 | F19: 277859000
A20: AES Brasil | B20: ON | C20: AESB3 | D20: 767946000 | E20: 848568000 | F20: 848568000
A21: AES Brasil | B21: ON-old | C21: TIET3 | D21: 767946000 | E21: 848568000 | F21: 848568000
A22: AES Brasil | B22: PN | C22: TIET4 | D22: 767946000 | E22: 848568000 | F22: 848568000

Sheet sector_c1
B1: MarketCapitaliz | C1: data real | D1: 45122 | E1: 45153 | F1: 45184
C2: data cont | D2: 45122 | E2: 45153 | F2: 45184
A4: 3r Petroleum | B4: ON | C4: RRRP3 | D4: Petróleo gás e biocombustíveis | E4: Petróleo gás e biocombustíveis | F4: Petróleo gás e biocombustíveis
A5: 3tentos | B5: ON | C5: TTEN3 | D5: Agro | E5: Agro | F5: Agro
A6: 521 Particip | B6: ON | C6: QVUM3B | D6: 0 | E6: 0 | F6: 0
A7: 524 Particip | B7: ON | C7: QVQP3 | D7: 0 | E7: 0 | F7: 0
A8: A P Participacoes | B8: ON | C8: APPA3 | D8: 0 | E8: 0 | F8: 0
A9: A P Participacoes | B9: PN | C9: APPA4 | D9: 0 | E9: 0 | F9: 0
A10: Abc Brasil | B10: ON | C10: ABCB3 | D10: Bancos e Serviços Financeiros | E10: Bancos e Serviços Financeiros | F10: Bancos e Serviços Financeiros
A11: Abc Brasil | B11: PN | C11: ABCB4 | D11: Bancos e Serviços Financeiros | E11: Bancos e Serviços Financeiros | F11: Bancos e Serviços Financeiros
A12: Abc Brasil | B12: UNT N2 | C12: ABCB11 | D12: Bancos e Serviços Financeiros | E12: Bancos e Serviços Financeiros | F12: Bancos e Serviços Financeiros
A13: Abyara | B13: ON | C13: ABYA3 | D13: 0 | E13: 0 | F13: 0
A14: Aco Altona | B14: ON | C14: EALT3 | D14: Indústria | E14: Indústria | F14: Indústria
A15: Aco Altona | B15: PN | C15: EALT4 | D15: Indústria | E15: Indústria | F15: Indústria
A16: Acos Vill | B16: ON | C16: AVIL3 | D16: 0 | E16: 0 | F16: 0
A17: Acos Vill | B17: PN | C17: AVIL4 | D17: 0 | E17: 0 | F17: 0
A18: Advanced-Dh | B18: ON | C18: ADHM3 | D18: Consumo Não-Cíclico | E18: Consumo Não-Cíclico | F18: Consumo Não-Cíclico
A19: Aeris | B19: ON | C19: AERI3 | D19: Indústria | E19: Indústria | F19: Indústria
A20: AES Brasil | B20: ON | C20: AESB3 | D20: Utilidade Pública | E20: Utilidade Pública | F20: Utilidade Pública
A21: AES Brasil | B21: ON-old | C21: TIET3 | D21: Utilidade Pública | E21: Utilidade Pública | F21: Utilidade Pública
A22: AES Brasil | B22: PN | C22: TIET4 | D22: Utilidade Pública | E22: Utilidade Pública | F22: Utilidade Pública

Sheet ir_3m
B1: InfoRatio | C1: data real | D1: 45122 | E1: 45153 | F1: 45184
B2: 3M | C2: data cont | D2: 45016 | E2: 45107 | F2: 45107
A4: 3r Petroleum | B4: ON | C4: RRRP3 | D4: -0.4302905 | E4: -0.60962704 | F4: 0.69189651
A5: 3tentos | B5: ON | C5: TTEN3 | D5: -0.17926532 | E5: 0.78261532 | F5: 2.3164478
A6: 521 Particip | B6: ON | C6: QVUM3B
A7: 524 Particip | B7: ON | C7: QVQP3B
A8: A P Participacoes | B8: ON | C8: APPA3
A9: A P Participacoes | B9: PN | C9: APPA4
A10: Abc Brasil | B10: ON | C10: ABCB3
A11: Abc Brasil | B11: PN | C11: ABCB4 | D11: 0.36039598 | E11: 2.4845142 | F11: 5.7737358
A12: Abc Brasil | B12: UNT N2 | C12: ABCB11
A13: Abyara | B13: ON | C13: ABYA3
A14: Aco Altona | B14: ON | C14: EALT3
A15: Aco Altona | B15: PN | C15: EALT4 | D15: 0.70009563 | E15: 0.14604751 | F15: 0.70552401
A16: Acos Vill | B16: ON | C16: AVIL3
A17: Acos Vill | B17: PN | C17: AVIL4
A18: Advanced-Dh | B18: ON | C18: ADHM3
A19: Aeris | B19: ON | C19: AERI3 | D19: -0.77059577 | E19: -1.9343979 | F19: -1.742498
A20: AES Brasil | B20: ON | C20: AESB3 | D20: 0.7310006 | E20: -3.4132854 | F20: -1.0414439
A21: AES Brasil | B21: ON-old | C21: TIET3
A22: AES Brasil | B22: PN | C22: TIET4

Sheet sharpe
B1: Sharpe | C1: data real | D1: 45122 | E1: 45153 | F1: 45184
B2: 6M | C2: data cont | D2: 45122 | E2: 45153 | F2: 45184
A4: 3r Petroleum | B4: ON | C4: RRRP3 | D4: -0.71723492 | E4: -0.58340749 | F4: 1.0393499
A5: 3tentos | B5: ON | C5: TTEN3 | D5: 2.385826 | E5: -0.17674658 | F5: 0.45434343
A6: 521 Particip | B6: ON | C6: QVUM3B
A7: 524 Particip | B7: ON | C7: QVQP3
A8: A P Participacoes | B8: ON | C8: APPA3
A9: A P Participacoes | B9: PN | C9: APPA4
A10: Abc Brasil | B10: ON | C10: ABCB3
A11: Abc Brasil | B11: PN | C11: ABCB4 | D11: -0.46539838 | E11: -0.027505853 | F11: 1.7853309
A12: Abc Brasil | B12: UNT N2 | C12: ABCB11
A13: Abyara | B13: ON | C13: ABYA3
A14: Aco Altona | B14: ON | C14: EALT3
A15: Aco Altona | B15: PN | C15: EALT4 | D15: 1.2421042 | E15: 1.1868813 | F15: 1.7240063
A16: Acos Vill | B16: ON | C16: AVIL3
A17: Acos Vill | B17: PN | C17: AVIL4
A18: Advanced-Dh | B18: ON | C18: ADHM3
A19: Aeris | B19: ON | C19: AERI3 | D19: -0.071191061 | E19: -0.10539752 | F19: -0.75354202
A20: AES Brasil | B20: ON | C20: AESB3 | D20: 2.0047721 | E20: 0.16494726 | F20: 0.78926
A21: AES Brasil | B21: ON-old | C21: TIET3
A22: AES Brasil | B22: PN | C22: TIET4
D1407: =AVERAGE(D4:D1405) -> 0.72981298 | E1407: =AVERAGE(E4:E1405) -> 0.076461854 | F1407: =AVERAGE(F4:F1405) -> 0.83979142
D1409: =DATE(YEAR(D1),MONTH(D1)-6,15) -> 44941 | E1409: =DATE(YEAR(E1),MONTH(E1)-6,15) -> 44972 | F1409: =DATE(YEAR(F1),MONTH(F1)-6,15) -> 45000

Sheet mkt_cap
B1: MarketCapitaliz | C1: data real | D1: 45122 | E1: 45153 | F1: 45184
C2: data cont | D2: 45122 | E2: 45153 | F2: 45184
A4: 3r Petroleum | B4: ON | C4: RRRP3 | D4: 7.801465e+09 | E4: 7.7918691e+09 | F4: 7.9478024e+09
A5: 3tentos | B5: ON | C5: TTEN3 | D5: 6412001310 | E5: 6446876220 | F5: 7034767560
A6: 521 Particip | B6: ON | C6: QVUM3B
A7: 524 Particip | B7: ON | C7: QVQP3
A8: A P Participacoes | B8: ON | C8: APPA3
A9: A P Participacoes | B9: PN | C9: APPA4
A10: Abc Brasil | B10: ON | C10: ABCB3 | D10: 4.013099e+09 | E10: 4.1713621e+09 | F10: 4689108392
A11: Abc Brasil | B11: PN | C11: ABCB4 | D11: 4.013099e+09 | E11: 4.1713621e+09 | F11: 4689108392
A12: Abc Brasil | B12: UNT N2 | C12: ABCB11 | D12: 4.013099e+09 | E12: 4.1713621e+09 | F12: 4689108392
A13: Abyara | B13: ON | C13: ABYA3
A14: Aco Altona | B14: ON | C14: EALT3 | D14: 183817500 | E14: 180345000 | F14: 196417500
A15: Aco Altona | B15: PN | C15: EALT4 | D15: 183817500 | E15: 180345000 | F15: 196417500
A16: Acos Vill | B16: ON | C16: AVIL3
A17: Acos Vill | B17: PN | C17: AVIL4
A18: Advanced-Dh | B18: ON | C18: ADHM3
A19: Aeris | B19: ON | C19: AERI3 | D19: 9.1230552e+08 | E19: 8.5996012e+08 | F19: 6.9544601e+08
A20: AES Brasil | B20: ON | C20: AESB3 | D20: 7.1027423e+09 | E20: 6.4767379e+09 | F20: 6.9883761e+09
A21: AES Brasil | B21: ON-old | C21: TIET3 | D21: 7.1027423e+09 | E21: 6.4767379e+09 | F21: 6.9883761e+09
A22: AES Brasil | B22: PN | C22: TIET4 | D22: 7.1027423e+09 | E22: 6.4767379e+09 | F22: 6.9883761e+09

Sheet calc_panel
B1: id | C1: tickers | D1: dates | E1: ebit_12m | F1: ir_3m | G1: sharpe | H1: mkt_cap | I1: sector_c1
B2: =CONCATENATE(C2,"-",K2,"-0",L2,"-",M2) -> RRRP3-2023-07-15 | C2: =ir_3m!C4 -> RRRP3 | D2: 45122 | E2: =IF(OFFSET(ebit_12m!$D$4,$A2,0)="","",OFFSET(ebit_12m!$D$4,$A2,0)) -> 205648000 | F2: =IF(OFFSET(ir_3m!$D$4,$A2,0)="","",OFFSET(ir_3m!$D$4,$A2,0)) -> -0.4302905 | G2: =IF(OFFSET(sharpe!$D$4,$A2,0)="","",OFFSET(sharpe!$D$4,$A2,0)) -> -0.71723492 | H2: =IF(OFFSET(mkt_cap!$D$4,$A2,0)="","",OFFSET(mkt_cap!$D$4,$A2,0)) -> 7.801465e+09 | I2: =IF(OFFSET(sector_c1!$D$4,$A2,0)="","",OFFSET(sector_c1!$D$4,$A2,0)) -> Petróleo gás e biocombustíveis | K2: =YEAR(D2) -> 2023 | L2: =MONTH(D2) -> 7 | M2: =DAY(D2) -> 15
B3: =CONCATENATE(C3,"-",K3,"-0",L3,"-",M3) -> RRRP3-2023-08-15 | C3: =ir_3m!C4 -> RRRP3 | D3: 45153 | E3: =IF(OFFSET(ebit_12m!$E$4,$A2,0)="","",OFFSET(ebit_12m!$E$4,$A2,0)) -> 113912000 | F3: =IF(OFFSET(ir_3m!$E$4,$A2,0)="","",OFFSET(ir_3m!$E$4,$A2,0)) -> -0.60962704 | G3: =IF(OFFSET(sharpe!$E$4,$A2,0)="","",OFFSET(sharpe!$E$4,$A2,0)) -> -0.58340749 | H3: =IF(OFFSET(mkt_cap!$E$4,$A2,0)="","",OFFSET(mkt_cap!$E$4,$A2,0)) -> 7.7918691e+09 | I3: =IF(OFFSET(sector_c1!$D$4,$A3,0)="","",OFFSET(sector_c1!$D$4,$A3,0)) -> Petróleo gás e biocombustíveis | K3: =YEAR(D3) -> 2023 | L3: =MONTH(D3) -> 8 | M3: =DAY(D3) -> 15
B4: =CONCATENATE(C4,"-",K4,"-0",L4,"-",M4) -> RRRP3-2023-09-15 | C4: =ir_3m!C4 -> RRRP3 | D4: 45184 | E4: =IF(OFFSET(ebit_12m!$F$4,$A2,0)="","",OFFSET(ebit_12m!$F$4,$A2,0)) -> 113912000 | F4: =IF(OFFSET(ir_3m!$F$4,$A2,0)="","",OFFSET(ir_3m!$F$4,$A2,0)) -> 0.69189651 | G4: =IF(OFFSET(sharpe!$F$4,$A2,0)="","",OFFSET(sharpe!$F$4,$A2,0)) -> 1.0393499 | H4: =IF(OFFSET(mkt_cap!$F$4,$A2,0)="","",OFFSET(mkt_cap!$F$4,$A2,0)) -> 7.9478024e+09 | I4: =IF(OFFSET(sector_c1!$D$4,$A4,0)="","",OFFSET(sector_c1!$D$4,$A4,0)) -> Petróleo gás e biocombustíveis | K4: =YEAR(D4) -> 2023 | L4: =MONTH(D4) -> 9 | M4: =DAY(D4) -> 15
A5: 1 | B5: =CONCATENATE(C5,"-",K5,"-0",L5,"-",M5) -> TTEN3-2023-07-15 | C5: =OFFSET(ir_3m!$C$4,calc_panel!A5,0) -> TTEN3 | D5: 45122 | E5: =IF(OFFSET(ebit_12m!$D$4,$A5,0)="","",OFFSET(ebit_12m!$D$4,$A5,0)) -> 601813000 | F5: =IF(OFFSET(ir_3m!$D$4,$A5,0)="","",OFFSET(ir_3m!$D$4,$A5,0)) -> -0.17926532 | G5: =IF(OFFSET(sharpe!$D$4,$A5,0)="","",OFFSET(sharpe!$D$4,$A5,0)) -> 2.385826 | H5: =IF(OFFSET(mkt_cap!$D$4,$A5,0)="","",OFFSET(mkt_cap!$D$4,$A5,0)) -> 6412001310 | I5: =IF(OFFSET(sector_c1!$D$4,$A5,0)="","",OFFSET(sector_c1!$D$4,$A5,0)) -> Agro | K5: =YEAR(D5) -> 2023 | L5: =MONTH(D5) -> 7 | M5: =DAY(D5) -> 15
A6: 1 | B6: =CONCATENATE(C6,"-",K6,"-0",L6,"-",M6) -> TTEN3-2023-08-15 | C6: =OFFSET(ir_3m!$C$4,calc_panel!A6,0) -> TTEN3 | D6: 45153 | E6: =IF(OFFSET(ebit_12m!$E$4,$A5,0)="","",OFFSET(ebit_12m!$E$4,$A5,0)) -> 488863000 | F6: =IF(OFFSET(ir_3m!$E$4,$A5,0)="","",OFFSET(ir_3m!$E$4,$A5,0)) -> 0.78261532 | G6: =IF(OFFSET(sharpe!$E$4,$A5,0)="","",OFFSET(sharpe!$E$4,$A5,0)) -> -0.17674658 | H6: =IF(OFFSET(mkt_cap!$E$4,$A5,0)="","",OFFSET(mkt_cap!$E$4,$A5,0)) -> 6446876220 | I6: =IF(OFFSET(sector_c1!$D$4,$A6,0)="","",OFFSET(sector_c1!$D$4,$A6,0)) -> Agro | K6: =YEAR(D6) -> 2023 | L6: =MONTH(D6) -> 8 | M6: =DAY(D6) -> 15
A7: 1 | B7: =CONCATENATE(C7,"-",K7,"-0",L7,"-",M7) -> TTEN3-2023-09-15 | C7: =OFFSET(ir_3m!$C$4,calc_panel!A7,0) -> TTEN3 | D7: 45184 | E7: =IF(OFFSET(ebit_12m!$F$4,$A5,0)="","",OFFSET(ebit_12m!$F$4,$A5,0)) -> 488863000 | F7: =IF(OFFSET(ir_3m!$F$4,$A5,0)="","",OFFSET(ir_3m!$F$4,$A5,0)) -> 2.3164478 | G7: =IF(OFFSET(sharpe!$F$4,$A5,0)="","",OFFSET(sharpe!$F$4,$A5,0)) -> 0.45434343 | H7: =IF(OFFSET(mkt_cap!$F$4,$A5,0)="","",OFFSET(mkt_cap!$F$4,$A5,0)) -> 7034767560 | I7: =IF(OFFSET(sector_c1!$D$4,$A7,0)="","",OFFSET(sector_c1!$D$4,$A7,0)) -> Agro | K7: =YEAR(D7) -> 2023 | L7: =MONTH(D7) -> 9 | M7: =DAY(D7) -> 15
A8: =A5+1 -> 2 | B8: =CONCATENATE(C8,"-",K8,"-0",L8,"-",M8) -> QVUM3B-2023-07-15 | C8: =OFFSET(ir_3m!$C$4,calc_panel!A8,0) -> QVUM3B | D8: 45122 | E8: =IF(OFFSET(ebit_12m!$D$4,$A8,0)="","",OFFSET(ebit_12m!$D$4,$A8,0)) | F8: =IF(OFFSET(ir_3m!$D$4,$A8,0)="","",OFFSET(ir_3m!$D$4,$A8,0)) | G8: =IF(OFFSET(sharpe!$D$4,$A8,0)="","",OFFSET(sharpe!$D$4,$A8,0)) | H8: =IF(OFFSET(mkt_cap!$D$4,$A8,0)="","",OFFSET(mkt_cap!$D$4,$A8,0)) | I8: =IF(OFFSET(sector_c1!$D$4,$A8,0)="","",OFFSET(sector_c1!$D$4,$A8,0)) -> 0 | K8: =YEAR(D8) -> 2023 | L8: =MONTH(D8) -> 7 | M8: =DAY(D8) -> 15
A9: =A6+1 -> 2 | B9: =CONCATENATE(C9,"-",K9,"-0",L9,"-",M9) -> QVUM3B-2023-08-15 | C9: =OFFSET(ir_3m!$C$4,calc_panel!A9,0) -> QVUM3B | D9: 45153 | E9: =IF(OFFSET(ebit_12m!$E$4,$A8,0)="","",OFFSET(ebit_12m!$E$4,$A8,0)) | F9: =IF(OFFSET(ir_3m!$E$4,$A8,0)="","",OFFSET(ir_3m!$E$4,$A8,0)) | G9: =IF(OFFSET(sharpe!$E$4,$A8,0)="","",OFFSET(sharpe!$E$4,$A8,0)) | H9: =IF(OFFSET(mkt_cap!$E$4,$A8,0)="","",OFFSET(mkt_cap!$E$4,$A8,0)) | I9: =IF(OFFSET(sector_c1!$D$4,$A9,0)="","",OFFSET(sector_c1!$D$4,$A9,0)) -> 0 | K9: =YEAR(D9) -> 2023 | L9: =MONTH(D9) -> 8 | M9: =DAY(D9) -> 15
A10: =A7+1 -> 2 | B10: =CONCATENATE(C10,"-",K10,"-0",L10,"-",M10) -> QVUM3B-2023-09-15 | C10: =OFFSET(ir_3m!$C$4,calc_panel!A10,0) -> QVUM3B | D10: 45184 | E10: =IF(OFFSET(ebit_12m!$F$4,$A8,0)="","",OFFSET(ebit_12m!$F$4,$A8,0)) | F10: =IF(OFFSET(ir_3m!$F$4,$A8,0)="","",OFFSET(ir_3m!$F$4,$A8,0)) | G10: =IF(OFFSET(sharpe!$F$4,$A8,0)="","",OFFSET(sharpe!$F$4,$A8,0)) | H10: =IF(OFFSET(mkt_cap!$F$4,$A8,0)="","",OFFSET(mkt_cap!$F$4,$A8,0)) | I10: =IF(OFFSET(sector_c1!$D$4,$A10,0)="","",OFFSET(sector_c1!$D$4,$A10,0)) -> 0 | K10: =YEAR(D10) -> 2023 | L10: =MONTH(D10) -> 9 | M10: =DAY(D10) -> 15
A11: =A8+1 -> 3 | B11: =CONCATENATE(C11,"-",K11,"-0",L11,"-",M11) -> QVQP3B-2023-07-15 | C11: =OFFSET(ir_3m!$C$4,calc_panel!A11,0) -> QVQP3B | D11: =D2 -> 45122 | E11: =IF(OFFSET(ebit_12m!$D$4,$A11,0)="","",OFFSET(ebit_12m!$D$4,$A11,0)) -> -134000 | F11: =IF(OFFSET(ir_3m!$D$4,$A11,0)="","",OFFSET(ir_3m!$D$4,$A11,0)) | G11: =IF(OFFSET(sharpe!$D$4,$A11,0)="","",OFFSET(sharpe!$D$4,$A11,0)) | H11: =IF(OFFSET(mkt_cap!$D$4,$A11,0)="","",OFFSET(mkt_cap!$D$4,$A11,0)) | I11: =IF(OFFSET(sector_c1!$D$4,$A11,0)="","",OFFSET(sector_c1!$D$4,$A11,0)) -> 0 | K11: =YEAR(D11) -> 2023 | L11: =MONTH(D11) -> 7 | M11: =DAY(D11) -> 15
A12: =A9+1 -> 3 | B12: =CONCATENATE(C12,"-",K12,"-0",L12,"-",M12) -> QVQP3B-2023-08-15 | C12: =OFFSET(ir_3m!$C$4,calc_panel!A12,0) -> QVQP3B | D12: =D3 -> 45153 | E12: =IF(OFFSET(ebit_12m!$E$4,$A11,0)="","",OFFSET(ebit_12m!$E$4,$A11,0)) -> -134000 | F12: =IF(OFFSET(ir_3m!$E$4,$A11,0)="","",OFFSET(ir_3m!$E$4,$A11,0)) | G12: =IF(OFFSET(sharpe!$E$4,$A11,0)="","",OFFSET(sharpe!$E$4,$A11,0)) | H12: =IF(OFFSET(mkt_cap!$E$4,$A11,0)="","",OFFSET(mkt_cap!$E$4,$A11,0)) | I12: =IF(OFFSET(sector_c1!$D$4,$A12,0)="","",OFFSET(sector_c1!$D$4,$A12,0)) -> 0 | K12: =YEAR(D12) -> 2023 | L12: =MONTH(D12) -> 8 | M12: =DAY(D12) -> 15
A13: =A10+1 -> 3 | B13: =CONCATENATE(C13,"-",K13,"-0",L13,"-",M13) -> QVQP3B-2023-09-15 | C13: =OFFSET(ir_3m!$C$4,calc_panel!A13,0) -> QVQP3B | D13: =D4 -> 45184 | E13: =IF(OFFSET(ebit_12m!$F$4,$A11,0)="","",OFFSET(ebit_12m!$F$4,$A11,0)) -> -134000 | F13: =IF(OFFSET(ir_3m!$F$4,$A11,0)="","",OFFSET(ir_3m!$F$4,$A11,0)) | G13: =IF(OFFSET(sharpe!$F$4,$A11,0)="","",OFFSET(sharpe!$F$4,$A11,0)) | H13: =IF(OFFSET(mkt_cap!$F$4,$A11,0)="","",OFFSET(mkt_cap!$F$4,$A11,0)) | I13: =IF(OFFSET(sector_c1!$D$4,$A13,0)="","",OFFSET(sector_c1!$D$4,$A13,0)) -> 0 | K13: =YEAR(D13) -> 2023 | L13: =MONTH(D13) -> 9 | M13: =DAY(D13) -> 15
A14: =A11+1 -> 4 | B14: =CONCATENATE(C14,"-",K14,"-0",L14,"-",M14) -> APPA3-2023-07-15 | C14: =OFFSET(ir_3m!$C$4,calc_panel!A14,0) -> APPA3 | D14: =D11 -> 45122 | E14: =IF(OFFSET(ebit_12m!$D$4,$A14,0)="","",OFFSET(ebit_12m!$D$4,$A14,0)) | F14: =IF(OFFSET(ir_3m!$D$4,$A14,0)="","",OFFSET(ir_3m!$D$4,$A14,0)) | G14: =IF(OFFSET(sharpe!$D$4,$A14,0)="","",OFFSET(sharpe!$D$4,$A14,0)) | H14: =IF(OFFSET(mkt_cap!$D$4,$A14,0)="","",OFFSET(mkt_cap!$D$4,$A14,0)) | I14: =IF(OFFSET(sector_c1!$D$4,$A14,0)="","",OFFSET(sector_c1!$D$4,$A14,0)) -> 0 | K14: =YEAR(D14) -> 2023 | L14: =MONTH(D14) -> 7 | M14: =DAY(D14) -> 15
A15: =A12+1 -> 4 | B15: =CONCATENATE(C15,"-",K15,"-0",L15,"-",M15) -> APPA3-2023-08-15 | C15: =OFFSET(ir_3m!$C$4,calc_panel!A15,0) -> APPA3 | D15: =D12 -> 45153 | E15: =IF(OFFSET(ebit_12m!$E$4,$A14,0)="","",OFFSET(ebit_12m!$E$4,$A14,0)) | F15: =IF(OFFSET(ir_3m!$E$4,$A14,0)="","",OFFSET(ir_3m!$E$4,$A14,0)) | G15: =IF(OFFSET(sharpe!$E$4,$A14,0)="","",OFFSET(sharpe!$E$4,$A14,0)) | H15: =IF(OFFSET(mkt_cap!$E$4,$A14,0)="","",OFFSET(mkt_cap!$E$4,$A14,0)) | I15: =IF(OFFSET(sector_c1!$D$4,$A15,0)="","",OFFSET(sector_c1!$D$4,$A15,0)) -> 0 | K15: =YEAR(D15) -> 2023 | L15: =MONTH(D15) -> 8 | M15: =DAY(D15) -> 15
A16: =A13+1 -> 4 | B16: =CONCATENATE(C16,"-",K16,"-0",L16,"-",M16) -> APPA3-2023-09-15 | C16: =OFFSET(ir_3m!$C$4,calc_panel!A16,0) -> APPA3 | D16: =D13 -> 45184 | E16: =IF(OFFSET(ebit_12m!$F$4,$A14,0)="","",OFFSET(ebit_12m!$F$4,$A14,0)) | F16: =IF(OFFSET(ir_3m!$F$4,$A14,0)="","",OFFSET(ir_3m!$F$4,$A14,0)) | G16: =IF(OFFSET(sharpe!$F$4,$A14,0)="","",OFFSET(sharpe!$F$4,$A14,0)) | H16: =IF(OFFSET(mkt_cap!$F$4,$A14,0)="","",OFFSET(mkt_cap!$F$4,$A14,0)) | I16: =IF(OFFSET(sector_c1!$D$4,$A16,0)="","",OFFSET(sector_c1!$D$4,$A16,0)) -> 0 | K16: =YEAR(D16) -> 2023 | L16: =MONTH(D16) -> 9 | M16: =DAY(D16) -> 15
A17: =A14+1 -> 5 | B17: =CONCATENATE(C17,"-",K17,"-0",L17,"-",M17) -> APPA4-2023-07-15 | C17: =OFFSET(ir_3m!$C$4,calc_panel!A17,0) -> APPA4 | D17: =D14 -> 45122 | E17: =IF(OFFSET(ebit_12m!$D$4,$A17,0)="","",OFFSET(ebit_12m!$D$4,$A17,0)) | F17: =IF(OFFSET(ir_3m!$D$4,$A17,0)="","",OFFSET(ir_3m!$D$4,$A17,0)) | G17: =IF(OFFSET(sharpe!$D$4,$A17,0)="","",OFFSET(sharpe!$D$4,$A17,0)) | H17: =IF(OFFSET(mkt_cap!$D$4,$A17,0)="","",OFFSET(mkt_cap!$D$4,$A17,0)) | I17: =IF(OFFSET(sector_c1!$D$4,$A17,0)="","",OFFSET(sector_c1!$D$4,$A17,0)) -> 0 | K17: =YEAR(D17) -> 2023 | L17: =MONTH(D17) -> 7 | M17: =DAY(D17) -> 15
A18: =A15+1 -> 5 | B18: =CONCATENATE(C18,"-",K18,"-0",L18,"-",M18) -> APPA4-2023-08-15 | C18: =OFFSET(ir_3m!$C$4,calc_panel!A18,0) -> APPA4 | D18: =D15 -> 45153 | E18: =IF(OFFSET(ebit_12m!$E$4,$A17,0)="","",OFFSET(ebit_12m!$E$4,$A17,0)) | F18: =IF(OFFSET(ir_3m!$E$4,$A17,0)="","",OFFSET(ir_3m!$E$4,$A17,0)) | G18: =IF(OFFSET(sharpe!$E$4,$A17,0)="","",OFFSET(sharpe!$E$4,$A17,0)) | H18: =IF(OFFSET(mkt_cap!$E$4,$A17,0)="","",OFFSET(mkt_cap!$E$4,$A17,0)) | I18: =IF(OFFSET(sector_c1!$D$4,$A18,0)="","",OFFSET(sector_c1!$D$4,$A18,0)) -> 0 | K18: =YEAR(D18) -> 2023 | L18: =MONTH(D18) -> 8 | M18: =DAY(D18) -> 15
A19: =A16+1 -> 5 | B19: =CONCATENATE(C19,"-",K19,"-0",L19,"-",M19) -> APPA4-2023-09-15 | C19: =OFFSET(ir_3m!$C$4,calc_panel!A19,0) -> APPA4 | D19: =D16 -> 45184 | E19: =IF(OFFSET(ebit_12m!$F$4,$A17,0)="","",OFFSET(ebit_12m!$F$4,$A17,0)) | F19: =IF(OFFSET(ir_3m!$F$4,$A17,0)="","",OFFSET(ir_3m!$F$4,$A17,0)) | G19: =IF(OFFSET(sharpe!$F$4,$A17,0)="","",OFFSET(sharpe!$F$4,$A17,0)) | H19: =IF(OFFSET(mkt_cap!$F$4,$A17,0)="","",OFFSET(mkt_cap!$F$4,$A17,0)) | I19: =IF(OFFSET(sector_c1!$D$4,$A19,0)="","",OFFSET(sector_c1!$D$4,$A19,0)) -> 0 | K19: =YEAR(D19) -> 2023 | L19: =MONTH(D19) -> 9 | M19: =DAY(D19) -> 15
A20: =A17+1 -> 6 | B20: =CONCATENATE(C20,"-",K20,"-0",L20,"-",M20) -> ABCB3-2023-07-15 | C20: =OFFSET(ir_3m!$C$4,calc_panel!A20,0) -> ABCB3 | D20: =D17 -> 45122 | E20: =IF(OFFSET(ebit_12m!$D$4,$A20,0)="","",OFFSET(ebit_12m!$D$4,$A20,0)) | F20: =IF(OFFSET(ir_3m!$D$4,$A20,0)="","",OFFSET(ir_3m!$D$4,$A20,0)) | G20: =IF(OFFSET(sharpe!$D$4,$A20,0)="","",OFFSET(sharpe!$D$4,$A20,0)) | H20: =IF(OFFSET(mkt_cap!$D$4,$A20,0)="","",OFFSET(mkt_cap!$D$4,$A20,0)) -> 4.013099e+09 | I20: =IF(OFFSET(sector_c1!$D$4,$A20,0)="","",OFFSET(sector_c1!$D$4,$A20,0)) -> Bancos e Serviços Financeiros | K20: =YEAR(D20) -> 2023 | L20: =MONTH(D20) -> 7 | M20: =DAY(D20) -> 15
A21: =A18+1 -> 6 | B21: =CONCATENATE(C21,"-",K21,"-0",L21,"-",M21) -> ABCB3-2023-08-15 | C21: =OFFSET(ir_3m!$C$4,calc_panel!A21,0) -> ABCB3 | D21: =D18 -> 45153 | E21: =IF(OFFSET(ebit_12m!$E$4,$A20,0)="","",OFFSET(ebit_12m!$E$4,$A20,0)) | F21: =IF(OFFSET(ir_3m!$E$4,$A20,0)="","",OFFSET(ir_3m!$E$4,$A20,0)) | G21: =IF(OFFSET(sharpe!$E$4,$A20,0)="","",OFFSET(sharpe!$E$4,$A20,0)) | H21: =IF(OFFSET(mkt_cap!$E$4,$A20,0)="","",OFFSET(mkt_cap!$E$4,$A20,0)) -> 4.1713621e+09 | I21: =IF(OFFSET(sector_c1!$D$4,$A21,0)="","",OFFSET(sector_c1!$D$4,$A21,0)) -> Bancos e Serviços Financeiros | K21: =YEAR(D21) -> 2023 | L21: =MONTH(D21) -> 8 | M21: =DAY(D21) -> 15
A22: =A19+1 -> 6 | B22: =CONCATENATE(C22,"-",K22,"-0",L22,"-",M22) -> ABCB3-2023-09-15 | C22: =OFFSET(ir_3m!$C$4,calc_panel!A22,0) -> ABCB3 | D22: =D19 -> 45184 | E22: =IF(OFFSET(ebit_12m!$F$4,$A20,0)="","",OFFSET(ebit_12m!$F$4,$A20,0)) | F22: =IF(OFFSET(ir_3m!$F$4,$A20,0)="","",OFFSET(ir_3m!$F$4,$A20,0)) | G22: =IF(OFFSET(sharpe!$F$4,$A20,0)="","",OFFSET(sharpe!$F$4,$A20,0)) | H22: =IF(OFFSET(mkt_cap!$F$4,$A20,0)="","",OFFSET(mkt_cap!$F$4,$A20,0)) -> 4689108392 | I22: =IF(OFFSET(sector_c1!$D$4,$A22,0)="","",OFFSET(sector_c1!$D$4,$A22,0)) -> Bancos e Serviços Financeiros | K22: =YEAR(D22) -> 2023 | L22: =MONTH(D22) -> 9 | M22: =DAY(D22) -> 15
A23: =A20+1 -> 7 | B23: =CONCATENATE(C23,"-",K23,"-0",L23,"-",M23) -> ABCB4-2023-07-15 | C23: =OFFSET(ir_3m!$C$4,calc_panel!A23,0) -> ABCB4 | D23: =D20 -> 45122 | E23: =IF(OFFSET(ebit_12m!$D$4,$A23,0)="","",OFFSET(ebit_12m!$D$4,$A23,0)) | F23: =IF(OFFSET(ir_3m!$D$4,$A23,0)="","",OFFSET(ir_3m!$D$4,$A23,0)) -> 0.36039598 | G23: =IF(OFFSET(sharpe!$D$4,$A23,0)="","",OFFSET(sharpe!$D$4,$A23,0)) -> -0.46539838 | H23: =IF(OFFSET(mkt_cap!$D$4,$A23,0)="","",OFFSET(mkt_cap!$D$4,$A23,0)) -> 4.013099e+09 | I23: =IF(OFFSET(sector_c1!$D$4,$A23,0)="","",OFFSET(sector_c1!$D$4,$A23,0)) -> Bancos e Serviços Financeiros | K23: =YEAR(D23) -> 2023 | L23: =MONTH(D23) -> 7 | M23: =DAY(D23) -> 15
A24: =A21+1 -> 7 | B24: =CONCATENATE(C24,"-",K24,"-0",L24,"-",M24) -> ABCB4-2023-08-15 | C24: =OFFSET(ir_3m!$C$4,calc_panel!A24,0) -> ABCB4 | D24: =D21 -> 45153 | E24: =IF(OFFSET(ebit_12m!$E$4,$A23,0)="","",OFFSET(ebit_12m!$E$4,$A23,0)) | F24: =IF(OFFSET(ir_3m!$E$4,$A23,0)="","",OFFSET(ir_3m!$E$4,$A23,0)) -> 2.4845142 | G24: =IF(OFFSET(sharpe!$E$4,$A23,0)="","",OFFSET(sharpe!$E$4,$A23,0)) -> -0.027505853 | H24: =IF(OFFSET(mkt_cap!$E$4,$A23,0)="","",OFFSET(mkt_cap!$E$4,$A23,0)) -> 4.1713621e+09 | I24: =IF(OFFSET(sector_c1!$D$4,$A24,0)="","",OFFSET(sector_c1!$D$4,$A24,0)) -> Bancos e Serviços Financeiros | K24: =YEAR(D24) -> 2023 | L24: =MONTH(D24) -> 8 | M24: =DAY(D24) -> 15
A25: =A22+1 -> 7 | B25: =CONCATENATE(C25,"-",K25,"-0",L25,"-",M25) -> ABCB4-2023-09-15 | C25: =OFFSET(ir_3m!$C$4,calc_panel!A25,0) -> ABCB4 | D25: =D22 -> 45184 | E25: =IF(OFFSET(ebit_12m!$F$4,$A23,0)="","",OFFSET(ebit_12m!$F$4,$A23,0)) | F25: =IF(OFFSET(ir_3m!$F$4,$A23,0)="","",OFFSET(ir_3m!$F$4,$A23,0)) -> 5.7737358 | G25: =IF(OFFSET(sharpe!$F$4,$A23,0)="","",OFFSET(sharpe!$F$4,$A23,0)) -> 1.7853309 | H25: =IF(OFFSET(mkt_cap!$F$4,$A23,0)="","",OFFSET(mkt_cap!$F$4,$A23,0)) -> 4689108392 | I25: =IF(OFFSET(sector_c1!$D$4,$A25,0)="","",OFFSET(sector_c1!$D$4,$A25,0)) -> Bancos e Serviços Financeiros | K25: =YEAR(D25) -> 2023 | L25: =MONTH(D25) -> 9 | M25: =DAY(D25) -> 15
A26: =A23+1 -> 8 | B26: =CONCATENATE(C26,"-",K26,"-0",L26,"-",M26) -> ABCB11-2023-07-15 | C26: =OFFSET(ir_3m!$C$4,calc_panel!A26,0) -> ABCB11 | D26: =D23 -> 45122 | E26: =IF(OFFSET(ebit_12m!$D$4,$A26,0)="","",OFFSET(ebit_12m!$D$4,$A26,0)) | F26: =IF(OFFSET(ir_3m!$D$4,$A26,0)="","",OFFSET(ir_3m!$D$4,$A26,0)) | G26: =IF(OFFSET(sharpe!$D$4,$A26,0)="","",OFFSET(sharpe!$D$4,$A26,0)) | H26: =IF(OFFSET(mkt_cap!$D$4,$A26,0)="","",OFFSET(mkt_cap!$D$4,$A26,0)) -> 4.013099e+09 | I26: =IF(OFFSET(sector_c1!$D$4,$A26,0)="","",OFFSET(sector_c1!$D$4,$A26,0)) -> Bancos e Serviços Financeiros | K26: =YEAR(D26) -> 2023 | L26: =MONTH(D26) -> 7 | M26: =DAY(D26) -> 15
A27: =A24+1 -> 8 | B27: =CONCATENATE(C27,"-",K27,"-0",L27,"-",M27) -> ABCB11-2023-08-15 | C27: =OFFSET(ir_3m!$C$4,calc_panel!A27,0) -> ABCB11 | D27: =D24 -> 45153 | E27: =IF(OFFSET(ebit_12m!$E$4,$A26,0)="","",OFFSET(ebit_12m!$E$4,$A26,0)) | F27: =IF(OFFSET(ir_3m!$E$4,$A26,0)="","",OFFSET(ir_3m!$E$4,$A26,0)) | G27: =IF(OFFSET(sharpe!$E$4,$A26,0)="","",OFFSET(sharpe!$E$4,$A26,0)) | H27: =IF(OFFSET(mkt_cap!$E$4,$A26,0)="","",OFFSET(mkt_cap!$E$4,$A26,0)) -> 4.1713621e+09 | I27: =IF(OFFSET(sector_c1!$D$4,$A27,0)="","",OFFSET(sector_c1!$D$4,$A27,0)) -> Bancos e Serviços Financeiros | K27: =YEAR(D27) -> 2023 | L27: =MONTH(D27) -> 8 | M27: =DAY(D27) -> 15
A28: =A25+1 -> 8 | B28: =CONCATENATE(C28,"-",K28,"-0",L28,"-",M28) -> ABCB11-2023-09-15 | C28: =OFFSET(ir_3m!$C$4,calc_panel!A28,0) -> ABCB11 | D28: =D25 -> 45184 | E28: =IF(OFFSET(ebit_12m!$F$4,$A26,0)="","",OFFSET(ebit_12m!$F$4,$A26,0)) | F28: =IF(OFFSET(ir_3m!$F$4,$A26,0)="","",OFFSET(ir_3m!$F$4,$A26,0)) | G28: =IF(OFFSET(sharpe!$F$4,$A26,0)="","",OFFSET(sharpe!$F$4,$A26,0)) | H28: =IF(OFFSET(mkt_cap!$F$4,$A26,0)="","",OFFSET(mkt_cap!$F$4,$A26,0)) -> 4689108392 | I28: =IF(OFFSET(sector_c1!$D$4,$A28,0)="","",OFFSET(sector_c1!$D$4,$A28,0)) -> Bancos e Serviços Financeiros | K28: =YEAR(D28) -> 2023 | L28: =MONTH(D28) -> 9 | M28: =DAY(D28) -> 15
A29: =A26+1 -> 9 | B29: =CONCATENATE(C29,"-",K29,"-0",L29,"-",M29) -> ABYA3-2023-07-15 | C29: =OFFSET(ir_3m!$C$4,calc_panel!A29,0) -> ABYA3 | D29: =D26 -> 45122 | E29: =IF(OFFSET(ebit_12m!$D$4,$A29,0)="","",OFFSET(ebit_12m!$D$4,$A29,0)) | F29: =IF(OFFSET(ir_3m!$D$4,$A29,0)="","",OFFSET(ir_3m!$D$4,$A29,0)) | G29: =IF(OFFSET(sharpe!$D$4,$A29,0)="","",OFFSET(sharpe!$D$4,$A29,0)) | H29: =IF(OFFSET(mkt_cap!$D$4,$A29,0)="","",OFFSET(mkt_cap!$D$4,$A29,0)) | I29: =IF(OFFSET(sector_c1!$D$4,$A29,0)="","",OFFSET(sector_c1!$D$4,$A29,0)) -> 0 | K29: =YEAR(D29) -> 2023 | L29: =MONTH(D29) -> 7 | M29: =DAY(D29) -> 15
A30: =A27+1 -> 9 | B30: =CONCATENATE(C30,"-",K30,"-0",L30,"-",M30) -> ABYA3-2023-08-15 | C30: =OFFSET(ir_3m!$C$4,calc_panel!A30,0) -> ABYA3 | D30: =D27 -> 45153 | E30: =IF(OFFSET(ebit_12m!$E$4,$A29,0)="","",OFFSET(ebit_12m!$E$4,$A29,0)) | F30: =IF(OFFSET(ir_3m!$E$4,$A29,0)="","",OFFSET(ir_3m!$E$4,$A29,0)) | G30: =IF(OFFSET(sharpe!$E$4,$A29,0)="","",OFFSET(sharpe!$E$4,$A29,0)) | H30: =IF(OFFSET(mkt_cap!$E$4,$A29,0)="","",OFFSET(mkt_cap!$E$4,$A29,0)) | I30: =IF(OFFSET(sector_c1!$D$4,$A30,0)="","",OFFSET(sector_c1!$D$4,$A30,0)) -> 0 | K30: =YEAR(D30) -> 2023 | L30: =MONTH(D30) -> 8 | M30: =DAY(D30) -> 15
A31: =A28+1 -> 9 | B31: =CONCATENATE(C31,"-",K31,"-0",L31,"-",M31) -> ABYA3-2023-09-15 | C31: =OFFSET(ir_3m!$C$4,calc_panel!A31,0) -> ABYA3 | D31: =D28 -> 45184 | E31: =IF(OFFSET(ebit_12m!$F$4,$A29,0)="","",OFFSET(ebit_12m!$F$4,$A29,0)) | F31: =IF(OFFSET(ir_3m!$F$4,$A29,0)="","",OFFSET(ir_3m!$F$4,$A29,0)) | G31: =IF(OFFSET(sharpe!$F$4,$A29,0)="","",OFFSET(sharpe!$F$4,$A29,0)) | H31: =IF(OFFSET(mkt_cap!$F$4,$A29,0)="","",OFFSET(mkt_cap!$F$4,$A29,0)) | I31: =IF(OFFSET(sector_c1!$D$4,$A31,0)="","",OFFSET(sector_c1!$D$4,$A31,0)) -> 0 | K31: =YEAR(D31) -> 2023 | L31: =MONTH(D31) -> 9 | M31: =DAY(D31) -> 15
A32: =A29+1 -> 10 | B32: =CONCATENATE(C32,"-",K32,"-0",L32,"-",M32) -> EALT3-2023-07-15 | C32: =OFFSET(ir_3m!$C$4,calc_panel!A32,0) -> EALT3 | D32: =D29 -> 45122 | E32: =IF(OFFSET(ebit_12m!$D$4,$A32,0)="","",OFFSET(ebit_12m!$D$4,$A32,0)) -> 53686000 | F32: =IF(OFFSET(ir_3m!$D$4,$A32,0)="","",OFFSET(ir_3m!$D$4,$A32,0)) | G32: =IF(OFFSET(sharpe!$D$4,$A32,0)="","",OFFSET(sharpe!$D$4,$A32,0)) | H32: =IF(OFFSET(mkt_cap!$D$4,$A32,0)="","",OFFSET(mkt_cap!$D$4,$A32,0)) -> 183817500 | I32: =IF(OFFSET(sector_c1!$D$4,$A32,0)="","",OFFSET(sector_c1!$D$4,$A32,0)) -> Indústria | K32: =YEAR(D32) -> 2023 | L32: =MONTH(D32) -> 7 | M32: =DAY(D32) -> 15
A33: =A30+1 -> 10 | B33: =CONCATENATE(C33,"-",K33,"-0",L33,"-",M33) -> EALT3-2023-08-15 | C33: =OFFSET(ir_3m!$C$4,calc_panel!A33,0) -> EALT3 | D33: =D30 -> 45153 | E33: =IF(OFFSET(ebit_12m!$E$4,$A32,0)="","",OFFSET(ebit_12m!$E$4,$A32,0)) -> 50303000 | F33: =IF(OFFSET(ir_3m!$E$4,$A32,0)="","",OFFSET(ir_3m!$E$4,$A32,0)) | G33: =IF(OFFSET(sharpe!$E$4,$A32,0)="","",OFFSET(sharpe!$E$4,$A32,0)) | H33: =IF(OFFSET(mkt_cap!$E$4,$A32,0)="","",OFFSET(mkt_cap!$E$4,$A32,0)) -> 180345000 | I33: =IF(OFFSET(sector_c1!$D$4,$A33,0)="","",OFFSET(sector_c1!$D$4,$A33,0)) -> Indústria | K33: =YEAR(D33) -> 2023 | L33: =MONTH(D33) -> 8 | M33: =DAY(D33) -> 15
A34: =A31+1 -> 10 | B34: =CONCATENATE(C34,"-",K34,"-0",L34,"-",M34) -> EALT3-2023-09-15 | C34: =OFFSET(ir_3m!$C$4,calc_panel!A34,0) -> EALT3 | D34: =D31 -> 45184 | E34: =IF(OFFSET(ebit_12m!$F$4,$A32,0)="","",OFFSET(ebit_12m!$F$4,$A32,0)) -> 50303000 | F34: =IF(OFFSET(ir_3m!$F$4,$A32,0)="","",OFFSET(ir_3m!$F$4,$A32,0)) | G34: =IF(OFFSET(sharpe!$F$4,$A32,0)="","",OFFSET(sharpe!$F$4,$A32,0)) | H34: =IF(OFFSET(mkt_cap!$F$4,$A32,0)="","",OFFSET(mkt_cap!$F$4,$A32,0)) -> 196417500 | I34: =IF(OFFSET(sector_c1!$D$4,$A34,0)="","",OFFSET(sector_c1!$D$4,$A34,0)) -> Indústria | K34: =YEAR(D34) -> 2023 | L34: =MONTH(D34) -> 9 | M34: =DAY(D34) -> 15
A35: =A32+1 -> 11 | B35: =CONCATENATE(C35,"-",K35,"-0",L35,"-",M35) -> EALT4-2023-07-15 | C35: =OFFSET(ir_3m!$C$4,calc_panel!A35,0) -> EALT4 | D35: =D32 -> 45122 | E35: =IF(OFFSET(ebit_12m!$D$4,$A35,0)="","",OFFSET(ebit_12m!$D$4,$A35,0)) -> 53686000 | F35: =IF(OFFSET(ir_3m!$D$4,$A35,0)="","",OFFSET(ir_3m!$D$4,$A35,0)) -> 0.70009563 | G35: =IF(OFFSET(sharpe!$D$4,$A35,0)="","",OFFSET(sharpe!$D$4,$A35,0)) -> 1.2421042 | H35: =IF(OFFSET(mkt_cap!$D$4,$A35,0)="","",OFFSET(mkt_cap!$D$4,$A35,0)) -> 183817500 | I35: =IF(OFFSET(sector_c1!$D$4,$A35,0)="","",OFFSET(sector_c1!$D$4,$A35,0)) -> Indústria | K35: =YEAR(D35) -> 2023 | L35: =MONTH(D35) -> 7 | M35: =DAY(D35) -> 15
A36: =A33+1 -> 11 | B36: =CONCATENATE(C36,"-",K36,"-0",L36,"-",M36) -> EALT4-2023-08-15 | C36: =OFFSET(ir_3m!$C$4,calc_panel!A36,0) -> EALT4 | D36: =D33 -> 45153 | E36: =IF(OFFSET(ebit_12m!$E$4,$A35,0)="","",OFFSET(ebit_12m!$E$4,$A35,0)) -> 50303000 | F36: =IF(OFFSET(ir_3m!$E$4,$A35,0)="","",OFFSET(ir_3m!$E$4,$A35,0)) -> 0.14604751 | G36: =IF(OFFSET(sharpe!$E$4,$A35,0)="","",OFFSET(sharpe!$E$4,$A35,0)) -> 1.1868813 | H36: =IF(OFFSET(mkt_cap!$E$4,$A35,0)="","",OFFSET(mkt_cap!$E$4,$A35,0)) -> 180345000 | I36: =IF(OFFSET(sector_c1!$D$4,$A36,0)="","",OFFSET(sector_c1!$D$4,$A36,0)) -> Indústria | K36: =YEAR(D36) -> 2023 | L36: =MONTH(D36) -> 8 | M36: =DAY(D36) -> 15
A37: =A34+1 -> 11 | B37: =CONCATENATE(C37,"-",K37,"-0",L37,"-",M37) -> EALT4-2023-09-15 | C37: =OFFSET(ir_3m!$C$4,calc_panel!A37,0) -> EALT4 | D37: =D34 -> 45184 | E37: =IF(OFFSET(ebit_12m!$F$4,$A35,0)="","",OFFSET(ebit_12m!$F$4,$A35,0)) -> 50303000 | F37: =IF(OFFSET(ir_3m!$F$4,$A35,0)="","",OFFSET(ir_3m!$F$4,$A35,0)) -> 0.70552401 | G37: =IF(OFFSET(sharpe!$F$4,$A35,0)="","",OFFSET(sharpe!$F$4,$A35,0)) -> 1.7240063 | H37: =IF(OFFSET(mkt_cap!$F$4,$A35,0)="","",OFFSET(mkt_cap!$F$4,$A35,0)) -> 196417500 | I37: =IF(OFFSET(sector_c1!$D$4,$A37,0)="","",OFFSET(sector_c1!$D$4,$A37,0)) -> Indústria | K37: =YEAR(D37) -> 2023 | L37: =MONTH(D37) -> 9 | M37: =DAY(D37) -> 15
A38: =A35+1 -> 12 | B38: =CONCATENATE(C38,"-",K38,"-0",L38,"-",M38) -> AVIL3-2023-07-15 | C38: =OFFSET(ir_3m!$C$4,calc_panel!A38,0) -> AVIL3 | D38: =D35 -> 45122 | E38: =IF(OFFSET(ebit_12m!$D$4,$A38,0)="","",OFFSET(ebit_12m!$D$4,$A38,0)) | F38: =IF(OFFSET(ir_3m!$D$4,$A38,0)="","",OFFSET(ir_3m!$D$4,$A38,0)) | G38: =IF(OFFSET(sharpe!$D$4,$A38,0)="","",OFFSET(sharpe!$D$4,$A38,0)) | H38: =IF(OFFSET(mkt_cap!$D$4,$A38,0)="","",OFFSET(mkt_cap!$D$4,$A38,0)) | I38: =IF(OFFSET(sector_c1!$D$4,$A38,0)="","",OFFSET(sector_c1!$D$4,$A38,0)) -> 0 | K38: =YEAR(D38) -> 2023 | L38: =MONTH(D38) -> 7 | M38: =DAY(D38) -> 15
A39: =A36+1 -> 12 | B39: =CONCATENATE(C39,"-",K39,"-0",L39,"-",M39) -> AVIL3-2023-08-15 | C39: =OFFSET(ir_3m!$C$4,calc_panel!A39,0) -> AVIL3 | D39: =D36 -> 45153 | E39: =IF(OFFSET(ebit_12m!$E$4,$A38,0)="","",OFFSET(ebit_12m!$E$4,$A38,0)) | F39: =IF(OFFSET(ir_3m!$E$4,$A38,0)="","",OFFSET(ir_3m!$E$4,$A38,0)) | G39: =IF(OFFSET(sharpe!$E$4,$A38,0)="","",OFFSET(sharpe!$E$4,$A38,0)) | H39: =IF(OFFSET(mkt_cap!$E$4,$A38,0)="","",OFFSET(mkt_cap!$E$4,$A38,0)) | I39: =IF(OFFSET(sector_c1!$D$4,$A39,0)="","",OFFSET(sector_c1!$D$4,$A39,0)) -> 0 | K39: =YEAR(D39) -> 2023 | L39: =MONTH(D39) -> 8 | M39: =DAY(D39) -> 15
A40: =A37+1 -> 12 | B40: =CONCATENATE(C40,"-",K40,"-0",L40,"-",M40) -> AVIL3-2023-09-15 | C40: =OFFSET(ir_3m!$C$4,calc_panel!A40,0) -> AVIL3 | D40: =D37 -> 45184 | E40: =IF(OFFSET(ebit_12m!$F$4,$A38,0)="","",OFFSET(ebit_12m!$F$4,$A38,0)) | F40: =IF(OFFSET(ir_3m!$F$4,$A38,0)="","",OFFSET(ir_3m!$F$4,$A38,0)) | G40: =IF(OFFSET(sharpe!$F$4,$A38,0)="","",OFFSET(sharpe!$F$4,$A38,0)) | H40: =IF(OFFSET(mkt_cap!$F$4,$A38,0)="","",OFFSET(mkt_cap!$F$4,$A38,0)) | I40: =IF(OFFSET(sector_c1!$D$4,$A40,0)="","",OFFSET(sector_c1!$D$4,$A40,0)) -> 0 | K40: =YEAR(D40) -> 2023 | L40: =MONTH(D40) -> 9 | M40: =DAY(D40) -> 15
A41: =A38+1 -> 13 | B41: =CONCATENATE(C41,"-",K41,"-0",L41,"-",M41) -> AVIL4-2023-07-15 | C41: =OFFSET(ir_3m!$C$4,calc_panel!A41,0) -> AVIL4 | D41: =D38 -> 45122 | E41: =IF(OFFSET(ebit_12m!$D$4,$A41,0)="","",OFFSET(ebit_12m!$D$4,$A41,0)) | F41: =IF(OFFSET(ir_3m!$D$4,$A41,0)="","",OFFSET(ir_3m!$D$4,$A41,0)) | G41: =IF(OFFSET(sharpe!$D$4,$A41,0)="","",OFFSET(sharpe!$D$4,$A41,0)) | H41: =IF(OFFSET(mkt_cap!$D$4,$A41,0)="","",OFFSET(mkt_cap!$D$4,$A41,0)) | I41: =IF(OFFSET(sector_c1!$D$4,$A41,0)="","",OFFSET(sector_c1!$D$4,$A41,0)) -> 0 | K41: =YEAR(D41) -> 2023 | L41: =MONTH(D41) -> 7 | M41: =DAY(D41) -> 15
A42: =A39+1 -> 13 | B42: =CONCATENATE(C42,"-",K42,"-0",L42,"-",M42) -> AVIL4-2023-08-15 | C42: =OFFSET(ir_3m!$C$4,calc_panel!A42,0) -> AVIL4 | D42: =D39 -> 45153 | E42: =IF(OFFSET(ebit_12m!$E$4,$A41,0)="","",OFFSET(ebit_12m!$E$4,$A41,0)) | F42: =IF(OFFSET(ir_3m!$E$4,$A41,0)="","",OFFSET(ir_3m!$E$4,$A41,0)) | G42: =IF(OFFSET(sharpe!$E$4,$A41,0)="","",OFFSET(sharpe!$E$4,$A41,0)) | H42: =IF(OFFSET(mkt_cap!$E$4,$A41,0)="","",OFFSET(mkt_cap!$E$4,$A41,0)) | I42: =IF(OFFSET(sector_c1!$D$4,$A42,0)="","",OFFSET(sector_c1!$D$4,$A42,0)) -> 0 | K42: =YEAR(D42) -> 2023 | L42: =MONTH(D42) -> 8 | M42: =DAY(D42) -> 15
A43: =A40+1 -> 13 | B43: =CONCATENATE(C43,"-",K43,"-0",L43,"-",M43) -> AVIL4-2023-09-15 | C43: =OFFSET(ir_3m!$C$4,calc_panel!A43,0) -> AVIL4 | D43: =D40 -> 45184 | E43: =IF(OFFSET(ebit_12m!$F$4,$A41,0)="","",OFFSET(ebit_12m!$F$4,$A41,0)) | F43: =IF(OFFSET(ir_3m!$F$4,$A41,0)="","",OFFSET(ir_3m!$F$4,$A41,0)) | G43: =IF(OFFSET(sharpe!$F$4,$A41,0)="","",OFFSET(sharpe!$F$4,$A41,0)) | H43: =IF(OFFSET(mkt_cap!$F$4,$A41,0)="","",OFFSET(mkt_cap!$F$4,$A41,0)) | I43: =IF(OFFSET(sector_c1!$D$4,$A43,0)="","",OFFSET(sector_c1!$D$4,$A43,0)) -> 0 | K43: =YEAR(D43) -> 2023 | L43: =MONTH(D43) -> 9 | M43: =DAY(D43) -> 15
A44: =A41+1 -> 14 | B44: =CONCATENATE(C44,"-",K44,"-0",L44,"-",M44) -> ADHM3-2023-07-15 | C44: =OFFSET(ir_3m!$C$4,calc_panel!A44,0) -> ADHM3 | D44: =D41 -> 45122 | E44: =IF(OFFSET(ebit_12m!$D$4,$A44,0)="","",OFFSET(ebit_12m!$D$4,$A44,0)) | F44: =IF(OFFSET(ir_3m!$D$4,$A44,0)="","",OFFSET(ir_3m!$D$4,$A44,0)) | G44: =IF(OFFSET(sharpe!$D$4,$A44,0)="","",OFFSET(sharpe!$D$4,$A44,0)) | H44: =IF(OFFSET(mkt_cap!$D$4,$A44,0)="","",OFFSET(mkt_cap!$D$4,$A44,0)) | I44: =IF(OFFSET(sector_c1!$D$4,$A44,0)="","",OFFSET(sector_c1!$D$4,$A44,0)) -> Consumo Não-Cíclico | K44: =YEAR(D44) -> 2023 | L44: =MONTH(D44) -> 7 | M44: =DAY(D44) -> 15
A45: =A42+1 -> 14 | B45: =CONCATENATE(C45,"-",K45,"-0",L45,"-",M45) -> ADHM3-2023-08-15 | C45: =OFFSET(ir_3m!$C$4,calc_panel!A45,0) -> ADHM3 | D45: =D42 -> 45153 | E45: =IF(OFFSET(ebit_12m!$E$4,$A44,0)="","",OFFSET(ebit_12m!$E$4,$A44,0)) | F45: =IF(OFFSET(ir_3m!$E$4,$A44,0)="","",OFFSET(ir_3m!$E$4,$A44,0)) | G45: =IF(OFFSET(sharpe!$E$4,$A44,0)="","",OFFSET(sharpe!$E$4,$A44,0)) | H45: =IF(OFFSET(mkt_cap!$E$4,$A44,0)="","",OFFSET(mkt_cap!$E$4,$A44,0)) | I45: =IF(OFFSET(sector_c1!$D$4,$A45,0)="","",OFFSET(sector_c1!$D$4,$A45,0)) -> Consumo Não-Cíclico | K45: =YEAR(D45) -> 2023 | L45: =MONTH(D45) -> 8 | M45: =DAY(D45) -> 15
A46: =A43+1 -> 14 | B46: =CONCATENATE(C46,"-",K46,"-0",L46,"-",M46) -> ADHM3-2023-09-15 | C46: =OFFSET(ir_3m!$C$4,calc_panel!A46,0) -> ADHM3 | D46: =D43 -> 45184 | E46: =IF(OFFSET(ebit_12m!$F$4,$A44,0)="","",OFFSET(ebit_12m!$F$4,$A44,0)) | F46: =IF(OFFSET(ir_3m!$F$4,$A44,0)="","",OFFSET(ir_3m!$F$4,$A44,0)) | G46: =IF(OFFSET(sharpe!$F$4,$A44,0)="","",OFFSET(sharpe!$F$4,$A44,0)) | H46: =IF(OFFSET(mkt_cap!$F$4,$A44,0)="","",OFFSET(mkt_cap!$F$4,$A44,0)) | I46: =IF(OFFSET(sector_c1!$D$4,$A46,0)="","",OFFSET(sector_c1!$D$4,$A46,0)) -> Consumo Não-Cíclico | K46: =YEAR(D46) -> 2023 | L46: =MONTH(D46) -> 9 | M46: =DAY(D46) -> 15
A47: =A44+1 -> 15 | B47: =CONCATENATE(C47,"-",K47,"-0",L47,"-",M47) -> AERI3-2023-07-15 | C47: =OFFSET(ir_3m!$C$4,calc_panel!A47,0) -> AERI3 | D47: =D44 -> 45122 | E47: =IF(OFFSET(ebit_12m!$D$4,$A47,0)="","",OFFSET(ebit_12m!$D$4,$A47,0)) -> 254680000 | F47: =IF(OFFSET(ir_3m!$D$4,$A47,0)="","",OFFSET(ir_3m!$D$4,$A47,0)) -> -0.77059577 | G47: =IF(OFFSET(sharpe!$D$4,$A47,0)="","",OFFSET(sharpe!$D$4,$A47,0)) -> -0.071191061 | H47: =IF(OFFSET(mkt_cap!$D$4,$A47,0)="","",OFFSET(mkt_cap!$D$4,$A47,0)) -> 9.1230552e+08 | I47: =IF(OFFSET(sector_c1!$D$4,$A47,0)="","",OFFSET(sector_c1!$D$4,$A47,0)) -> Indústria | K47: =YEAR(D47) -> 2023 | L47: =MONTH(D47) -> 7 | M47: =DAY(D47) -> 15
A48: =A45+1 -> 15 | B48: =CONCATENATE(C48,"-",K48,"-0",L48,"-",M48) -> AERI3-2023-08-15 | C48: =OFFSET(ir_3m!$C$4,calc_panel!A48,0) -> AERI3 | D48: =D45 -> 45153 | E48: =IF(OFFSET(ebit_12m!$E$4,$A47,0)="","",OFFSET(ebit_12m!$E$4,$A47,0)) -> 277859000 | F48: =IF(OFFSET(ir_3m!$E$4,$A47,0)="","",OFFSET(ir_3m!$E$4,$A47,0)) -> -1.9343979 | G48: =IF(OFFSET(sharpe!$E$4,$A47,0)="","",OFFSET(sharpe!$E$4,$A47,0)) -> -0.10539752 | H48: =IF(OFFSET(mkt_cap!$E$4,$A47,0)="","",OFFSET(mkt_cap!$E$4,$A47,0)) -> 8.5996012e+08 | I48: =IF(OFFSET(sector_c1!$D$4,$A48,0)="","",OFFSET(sector_c1!$D$4,$A48,0)) -> Indústria | K48: =YEAR(D48) -> 2023 | L48: =MONTH(D48) -> 8 | M48: =DAY(D48) -> 15
A49: =A46+1 -> 15 | B49: =CONCATENATE(C49,"-",K49,"-0",L49,"-",M49) -> AERI3-2023-09-15 | C49: =OFFSET(ir_3m!$C$4,calc_panel!A49,0) -> AERI3 | D49: =D46 -> 45184 | E49: =IF(OFFSET(ebit_12m!$F$4,$A47,0)="","",OFFSET(ebit_12m!$F$4,$A47,0)) -> 277859000 | F49: =IF(OFFSET(ir_3m!$F$4,$A47,0)="","",OFFSET(ir_3m!$F$4,$A47,0)) -> -1.742498 | G49: =IF(OFFSET(sharpe!$F$4,$A47,0)="","",OFFSET(sharpe!$F$4,$A47,0)) -> -0.75354202 | H49: =IF(OFFSET(mkt_cap!$F$4,$A47,0)="","",OFFSET(mkt_cap!$F$4,$A47,0)) -> 6.9544601e+08 | I49: =IF(OFFSET(sector_c1!$D$4,$A49,0)="","",OFFSET(sector_c1!$D$4,$A49,0)) -> Indústria | K49: =YEAR(D49) -> 2023 | L49: =MONTH(D49) -> 9 | M49: =DAY(D49) -> 15
A50: =A47+1 -> 16 | B50: =CONCATENATE(C50,"-",K50,"-0",L50,"-",M50) -> AESB3-2023-07-15 | C50: =OFFSET(ir_3m!$C$4,calc_panel!A50,0) -> AESB3 | D50: =D47 -> 45122 | E50: =IF(OFFSET(ebit_12m!$D$4,$A50,0)="","",OFFSET(ebit_12m!$D$4,$A50,0)) -> 767946000 | F50: =IF(OFFSET(ir_3m!$D$4,$A50,0)="","",OFFSET(ir_3m!$D$4,$A50,0)) -> 0.7310006 | G50: =IF(OFFSET(sharpe!$D$4,$A50,0)="","",OFFSET(sharpe!$D$4,$A50,0)) -> 2.0047721 | H50: =IF(OFFSET(mkt_cap!$D$4,$A50,0)="","",OFFSET(mkt_cap!$D$4,$A50,0)) -> 7.1027423e+09 | I50: =IF(OFFSET(sector_c1!$D$4,$A50,0)="","",OFFSET(sector_c1!$D$4,$A50,0)) -> Utilidade Pública | K50: =YEAR(D50) -> 2023 | L50: =MONTH(D50) -> 7 | M50: =DAY(D50) -> 15
A51: =A48+1 -> 16 | B51: =CONCATENATE(C51,"-",K51,"-0",L51,"-",M51) -> AESB3-2023-08-15 | C51: =OFFSET(ir_3m!$C$4,calc_panel!A51,0) -> AESB3 | D51: =D48 -> 45153 | E51: =IF(OFFSET(ebit_12m!$E$4,$A50,0)="","",OFFSET(ebit_12m!$E$4,$A50,0)) -> 848568000 | F51: =IF(OFFSET(ir_3m!$E$4,$A50,0)="","",OFFSET(ir_3m!$E$4,$A50,0)) -> -3.4132854 | G51: =IF(OFFSET(sharpe!$E$4,$A50,0)="","",OFFSET(sharpe!$E$4,$A50,0)) -> 0.16494726 | H51: =IF(OFFSET(mkt_cap!$E$4,$A50,0)="","",OFFSET(mkt_cap!$E$4,$A50,0)) -> 6.4767379e+09 | I51: =IF(OFFSET(sector_c1!$D$4,$A51,0)="","",OFFSET(sector_c1!$D$4,$A51,0)) -> Utilidade Pública | K51: =YEAR(D51) -> 2023 | L51: =MONTH(D51) -> 8 | M51: =DAY(D51) -> 15
A52: =A49+1 -> 16 | B52: =CONCATENATE(C52,"-",K52,"-0",L52,"-",M52) -> AESB3-2023-09-15 | C52: =OFFSET(ir_3m!$C$4,calc_panel!A52,0) -> AESB3 | D52: =D49 -> 45184 | E52: =IF(OFFSET(ebit_12m!$F$4,$A50,0)="","",OFFSET(ebit_12m!$F$4,$A50,0)) -> 848568000 | F52: =IF(OFFSET(ir_3m!$F$4,$A50,0)="","",OFFSET(ir_3m!$F$4,$A50,0)) -> -1.0414439 | G52: =IF(OFFSET(sharpe!$F$4,$A50,0)="","",OFFSET(sharpe!$F$4,$A50,0)) -> 0.78926 | H52: =IF(OFFSET(mkt_cap!$F$4,$A50,0)="","",OFFSET(mkt_cap!$F$4,$A50,0)) -> 6.9883761e+09 | I52: =IF(OFFSET(sector_c1!$D$4,$A52,0)="","",OFFSET(sector_c1!$D$4,$A52,0)) -> Utilidade Pública | K52: =YEAR(D52) -> 2023 | L52: =MONTH(D52) -> 9 | M52: =DAY(D52) -> 15
A53: =A50+1 -> 17 | B53: =CONCATENATE(C53,"-",K53,"-0",L53,"-",M53) -> TIET3-2023-07-15 | C53: =OFFSET(ir_3m!$C$4,calc_panel!A53,0) -> TIET3 | D53: =D50 -> 45122 | E53: =IF(OFFSET(ebit_12m!$D$4,$A53,0)="","",OFFSET(ebit_12m!$D$4,$A53,0)) -> 767946000 | F53: =IF(OFFSET(ir_3m!$D$4,$A53,0)="","",OFFSET(ir_3m!$D$4,$A53,0)) | G53: =IF(OFFSET(sharpe!$D$4,$A53,0)="","",OFFSET(sharpe!$D$4,$A53,0)) | H53: =IF(OFFSET(mkt_cap!$D$4,$A53,0)="","",OFFSET(mkt_cap!$D$4,$A53,0)) -> 7.1027423e+09 | I53: =IF(OFFSET(sector_c1!$D$4,$A53,0)="","",OFFSET(sector_c1!$D$4,$A53,0)) -> Utilidade Pública | K53: =YEAR(D53) -> 2023 | L53: =MONTH(D53) -> 7 | M53: =DAY(D53) -> 15
A54: =A51+1 -> 17 | B54: =CONCATENATE(C54,"-",K54,"-0",L54,"-",M54) -> TIET3-2023-08-15 | C54: =OFFSET(ir_3m!$C$4,calc_panel!A54,0) -> TIET3 | D54: =D51 -> 45153 | E54: =IF(OFFSET(ebit_12m!$E$4,$A53,0)="","",OFFSET(ebit_12m!$E$4,$A53,0)) -> 848568000 | F54: =IF(OFFSET(ir_3m!$E$4,$A53,0)="","",OFFSET(ir_3m!$E$4,$A53,0)) | G54: =IF(OFFSET(sharpe!$E$4,$A53,0)="","",OFFSET(sharpe!$E$4,$A53,0)) | H54: =IF(OFFSET(mkt_cap!$E$4,$A53,0)="","",OFFSET(mkt_cap!$E$4,$A53,0)) -> 6.4767379e+09 | I54: =IF(OFFSET(sector_c1!$D$4,$A54,0)="","",OFFSET(sector_c1!$D$4,$A54,0)) -> Utilidade Pública | K54: =YEAR(D54) -> 2023 | L54: =MONTH(D54) -> 8 | M54: =DAY(D54) -> 15
A55: =A52+1 -> 17 | B55: =CONCATENATE(C55,"-",K55,"-0",L55,"-",M55) -> TIET3-2023-09-15 | C55: =OFFSET(ir_3m!$C$4,calc_panel!A55,0) -> TIET3 | D55: =D52 -> 45184 | E55: =IF(OFFSET(ebit_12m!$F$4,$A53,0)="","",OFFSET(ebit_12m!$F$4,$A53,0)) -> 848568000 | F55: =IF(OFFSET(ir_3m!$F$4,$A53,0)="","",OFFSET(ir_3m!$F$4,$A53,0)) | G55: =IF(OFFSET(sharpe!$F$4,$A53,0)="","",OFFSET(sharpe!$F$4,$A53,0)) | H55: =IF(OFFSET(mkt_cap!$F$4,$A53,0)="","",OFFSET(mkt_cap!$F$4,$A53,0)) -> 6.9883761e+09 | I55: =IF(OFFSET(sector_c1!$D$4,$A55,0)="","",OFFSET(sector_c1!$D$4,$A55,0)) -> Utilidade Pública | K55: =YEAR(D55) -> 2023 | L55: =MONTH(D55) -> 9 | M55: =DAY(D55) -> 15
A56: =A53+1 -> 18 | B56: =CONCATENATE(C56,"-",K56,"-0",L56,"-",M56) -> TIET4-2023-07-15 | C56: =OFFSET(ir_3m!$C$4,calc_panel!A56,0) -> TIET4 | D56: =D53 -> 45122 | E56: =IF(OFFSET(ebit_12m!$D$4,$A56,0)="","",OFFSET(ebit_12m!$D$4,$A56,0)) -> 767946000 | F56: =IF(OFFSET(ir_3m!$D$4,$A56,0)="","",OFFSET(ir_3m!$D$4,$A56,0)) | G56: =IF(OFFSET(sharpe!$D$4,$A56,0)="","",OFFSET(sharpe!$D$4,$A56,0)) | H56: =IF(OFFSET(mkt_cap!$D$4,$A56,0)="","",OFFSET(mkt_cap!$D$4,$A56,0)) -> 7.1027423e+09 | I56: =IF(OFFSET(sector_c1!$D$4,$A56,0)="","",OFFSET(sector_c1!$D$4,$A56,0)) -> Utilidade Pública | K56: =YEAR(D56) -> 2023 | L56: =MONTH(D56) -> 7 | M56: =DAY(D56) -> 15
A57: =A54+1 -> 18 | B57: =CONCATENATE(C57,"-",K57,"-0",L57,"-",M57) -> TIET4-2023-08-15 | C57: =OFFSET(ir_3m!$C$4,calc_panel!A57,0) -> TIET4 | D57: =D54 -> 45153 | E57: =IF(OFFSET(ebit_12m!$E$4,$A56,0)="","",OFFSET(ebit_12m!$E$4,$A56,0)) -> 848568000 | F57: =IF(OFFSET(ir_3m!$E$4,$A56,0)="","",OFFSET(ir_3m!$E$4,$A56,0)) | G57: =IF(OFFSET(sharpe!$E$4,$A56,0)="","",OFFSET(sharpe!$E$4,$A56,0)) | H57: =IF(OFFSET(mkt_cap!$E$4,$A56,0)="","",OFFSET(mkt_cap!$E$4,$A56,0)) -> 6.4767379e+09 | I57: =IF(OFFSET(sector_c1!$D$4,$A57,0)="","",OFFSET(sector_c1!$D$4,$A57,0)) -> Utilidade Pública | K57: =YEAR(D57) -> 2023 | L57: =MONTH(D57) -> 8 | M57: =DAY(D57) -> 15
A58: =A55+1 -> 18 | B58: =CONCATENATE(C58,"-",K58,"-0",L58,"-",M58) -> TIET4-2023-09-15 | C58: =OFFSET(ir_3m!$C$4,calc_panel!A58,0) -> TIET4 | D58: =D55 -> 45184 | E58: =IF(OFFSET(ebit_12m!$F$4,$A56,0)="","",OFFSET(ebit_12m!$F$4,$A56,0)) -> 848568000 | F58: =IF(OFFSET(ir_3m!$F$4,$A56,0)="","",OFFSET(ir_3m!$F$4,$A56,0)) | G58: =IF(OFFSET(sharpe!$F$4,$A56,0)="","",OFFSET(sharpe!$F$4,$A56,0)) | H58: =IF(OFFSET(mkt_cap!$F$4,$A56,0)="","",OFFSET(mkt_cap!$F$4,$A56,0)) -> 6.9883761e+09 | I58: =IF(OFFSET(sector_c1!$D$4,$A58,0)="","",OFFSET(sector_c1!$D$4,$A58,0)) -> Utilidade Pública | K58: =YEAR(D58) -> 2023 | L58: =MONTH(D58) -> 9 | M58: =DAY(D58) -> 15
I61: sector_c1
I62: Bancos e Serviços Financeiros
I63: Bancos e Serviços Financeiros
I64: Bancos e Serviços Financeiros
I66: Consumo Não-Cíclico
I67: Indústria
I68: Utilidade Pública
I73: Indústria
I74: Indústria
I77: Petróleo gás e biocombustíveis
I78: Utilidade Pública
I79: Utilidade Pública
I80: Agro

Sheet panel
B1: id | C1: tickers | D1: dates | E1: ebit_12m | F1: ir_3m | G1: sharpe | H1: mkt_cap | I1: sector_c1
B2: ABCB11-2023-07-15 | C2: ABCB11 | D2: 45122 | H2: 4.013099e+09 | I2: Bancos e Serviços Financeiros
B3: ABCB11-2023-08-15 | C3: ABCB11 | D3: 45153 | H3: 4.1713621e+09 | I3: Bancos e Serviços Financeiros
B4: ABCB11-2023-09-15 | C4: ABCB11 | D4: 45184 | H4: 4689108392 | I4: Bancos e Serviços Financeiros
B5: ABCB3-2023-07-15 | C5: ABCB3 | D5: 45122 | H5: 4.013099e+09 | I5: Bancos e Serviços Financeiros
B6: ABCB3-2023-08-15 | C6: ABCB3 | D6: 45153 | H6: 4.1713621e+09 | I6: Bancos e Serviços Financeiros
B7: ABCB3-2023-09-15 | C7: ABCB3 | D7: 45184 | H7: 4689108392 | I7: Bancos e Serviços Financeiros
B8: ABCB4-2023-07-15 | C8: ABCB4 | D8: 45122 | F8: 0.36039598 | G8: -0.46539838 | H8: 4.013099e+09 | I8: Bancos e Serviços Financeiros
B9: ABCB4-2023-08-15 | C9: ABCB4 | D9: 45153 | F9: 2.4845142 | G9: -0.027505853 | H9: 4.1713621e+09 | I9: Bancos e Serviços Financeiros
B10: ABCB4-2023-09-15 | C10: ABCB4 | D10: 45184 | F10: 5.7737358 | G10: 1.7853309 | H10: 4689108392 | I10: Bancos e Serviços Financeiros
B11: ABYA3-2023-07-15 | C11: ABYA3 | D11: 45122
B12: ABYA3-2023-08-15 | C12: ABYA3 | D12: 45153
B13: ABYA3-2023-09-15 | C13: ABYA3 | D13: 45184
B14: ADHM3-2023-07-15 | C14: ADHM3 | D14: 45122 | I14: Consumo Não-Cíclico
B15: ADHM3-2023-08-15 | C15: ADHM3 | D15: 45153 | I15: Consumo Não-Cíclico
B16: ADHM3-2023-09-15 | C16: ADHM3 | D16: 45184 | I16: Consumo Não-Cíclico
B17: AERI3-2023-07-15 | C17: AERI3 | D17: 45122 | E17: 254680000 | F17: -0.77059577 | G17: -0.071191061 | H17: 9.1230552e+08 | I17: Indústria
B18: AERI3-2023-08-15 | C18: AERI3 | D18: 45153 | E18: 277859000 | F18: -1.9343979 | G18: -0.10539752 | H18: 8.5996012e+08 | I18: Indústria
B19: AERI3-2023-09-15 | C19: AERI3 | D19: 45184 | E19: 277859000 | F19: -1.742498 | G19: -0.75354202 | H19: 6.9544601e+08 | I19: Indústria
B20: AESB3-2023-07-15 | C20: AESB3 | D20: 45122 | E20: 767946000 | F20: 0.7310006 | G20: 2.0047721 | H20: 7.1027423e+09 | I20: Utilidade Pública
B21: AESB3-2023-08-15 | C21: AESB3 | D21: 45153 | E21: 848568000 | F21: -3.4132854 | G21: 0.16494726 | H21: 6.4767379e+09 | I21: Utilidade Pública
B22: AESB3-2023-09-15 | C22: AESB3 | D22: 45184 | E22: 848568000 | F22: -1.0414439 | G22: 0.78926 | H22: 6.9883761e+09 | I22: Utilidade Pública
B23: APPA3-2023-07-15 | C23: APPA3 | D23: 45122
B24: APPA3-2023-08-15 | C24: APPA3 | D24: 45153
B25: APPA3-2023-09-15 | C25: APPA3 | D25: 45184
B26: APPA4-2023-07-15 | C26: APPA4 | D26: 45122
B27: APPA4-2023-08-15 | C27: APPA4 | D27: 45153
B28: APPA4-2023-09-15 | C28: APPA4 | D28: 45184
B29: AVIL3-2023-07-15 | C29: AVIL3 | D29: 45122
B30: AVIL3-2023-08-15 | C30: AVIL3 | D30: 45153
B31: AVIL3-2023-09-15 | C31: AVIL3 | D31: 45184
B32: AVIL4-2023-07-15 | C32: AVIL4 | D32: 45122
B33: AVIL4-2023-08-15 | C33: AVIL4 | D33: 45153
B34: AVIL4-2023-09-15 | C34: AVIL4 | D34: 45184
B35: EALT3-2023-07-15 | C35: EALT3 | D35: 45122 | E35: 53686000 | H35: 183817500 | I35: Indústria
B36: EALT3-2023-08-15 | C36: EALT3 | D36: 45153 | E36: 50303000 | H36: 180345000 | I36: Indústria
B37: EALT3-2023-09-15 | C37: EALT3 | D37: 45184 | E37: 50303000 | H37: 196417500 | I37: Indústria
B38: EALT4-2023-07-15 | C38: EALT4 | D38: 45122 | E38: 53686000 | F38: 0.70009563 | G38: 1.2421042 | H38: 183817500 | I38: Indústria
B39: EALT4-2023-08-15 | C39: EALT4 | D39: 45153 | E39: 50303000 | F39: 0.14604751 | G39: 1.1868813 | H39: 180345000 | I39: Indústria
B40: EALT4-2023-09-15 | C40: EALT4 | D40: 45184 | E40: 50303000 | F40: 0.70552401 | G40: 1.7240063 | H40: 196417500 | I40: Indústria
B41: QVQP3B-2023-07-15 | C41: QVQP3B | D41: 45122 | E41: -134000
B42: QVQP3B-2023-08-15 | C42: QVQP3B | D42: 45153 | E42: -134000
B43: QVQP3B-2023-09-15 | C43: QVQP3B | D43: 45184 | E43: -134000
B44: QVUM3B-2023-07-15 | C44: QVUM3B | D44: 45122
B45: QVUM3B-2023-08-15 | C45: QVUM3B | D45: 45153
B46: QVUM3B-2023-09-15 | C46: QVUM3B | D46: 45184
B47: RRRP3-2023-07-15 | C47: RRRP3 | D47: 45122 | E47: 205648000 | F47: -0.4302905 | G47: -0.71723492 | H47: 7.801465e+09 | I47: Petróleo gás e biocombustíveis
B48: RRRP3-2023-08-15 | C48: RRRP3 | D48: 45153 | E48: 113912000 | F48: -0.60962704 | G48: -0.58340749 | H48: 7.7918691e+09 | I48: Petróleo gás e biocombustíveis
B49: RRRP3-2023-09-15 | C49: RRRP3 | D49: 45184 | E49: 113912000 | F49: 0.69189651 | G49: 1.0393499 | H49: 7.9478024e+09 | I49: Petróleo gás e biocombustíveis
B50: TIET3-2023-07-15 | C50: TIET3 | D50: 45122 | E50: 767946000 | H50: 7.1027423e+09 | I50: Utilidade Pública
B51: TIET3-2023-08-15 | C51: TIET3 | D51: 45153 | E51: 848568000 | H51: 6.4767379e+09 | I51: Utilidade Pública
B52: TIET3-2023-09-15 | C52: TIET3 | D52: 45184 | E52: 848568000 | H52: 6.9883761e+09 | I52: Utilidade Pública
B53: TIET4-2023-07-15 | C53: TIET4 | D53: 45122 | E53: 767946000 | H53: 7.1027423e+09 | I53: Utilidade Pública
B54: TIET4-2023-08-15 | C54: TIET4 | D54: 45153 | E54: 848568000 | H54: 6.4767379e+09 | I54: Utilidade Pública
B55: TIET4-2023-09-15 | C55: TIET4 | D55: 45184 | E55: 848568000 | H55: 6.9883761e+09 | I55: Utilidade Pública
B56: TTEN3-2023-07-15 | C56: TTEN3 | D56: 45122 | E56: 601813000 | F56: -0.17926532 | G56: 2.385826 | H56: 6412001310 | I56: Agro
B57: TTEN3-2023-08-15 | C57: TTEN3 | D57: 45153 | E57: 488863000 | F57: 0.78261532 | G57: -0.17674658 | H57: 6446876220 | I57: Agro
B58: TTEN3-2023-09-15 | C58: TTEN3 | D58: 45184 | E58: 488863000 | F58: 2.3164478 | G58: 0.45434343 | H58: 7034767560 | I58: Agro
I61: sector_c1
I62: Bancos e Serviços Financeiros
I63: Bancos e Serviços Financeiros
I64: Bancos e Serviços Financeiros
I66: Consumo Não-Cíclico
I67: Indústria
I68: Utilidade Pública
I73: Indústria
I74: Indústria
I77: Petróleo gás e biocombustíveis
I78: Utilidade Pública
I79: Utilidade Pública
I80: Agro

Sheet calc_wins_panel
B1: id | C1: tickers | D1: dates | E1: ebit_12m | F1: ir_3m | G1: sharpe | H1: mkt_cap | I1: sector_c1
B2: ABCB11-2023-07-15 | C2: ABCB11 | D2: 45122 | H2: 4.013099e+09 | I2: Bancos e Serviços Financeiros
B3: ABCB11-2023-08-15 | C3: ABCB11 | D3: 45153 | H3: 4.1713621e+09 | I3: Bancos e Serviços Financeiros
B4: ABCB11-2023-09-15 | C4: ABCB11 | D4: 45184 | H4: 4689108392 | I4: Bancos e Serviços Financeiros
A5: 1 | B5: ABCB3-2023-07-15 | C5: ABCB3 | D5: 45122 | H5: 4.013099e+09 | I5: Bancos e Serviços Financeiros
A6: 1 | B6: ABCB3-2023-08-15 | C6: ABCB3 | D6: 45153 | H6: 4.1713621e+09 | I6: Bancos e Serviços Financeiros
A7: 1 | B7: ABCB3-2023-09-15 | C7: ABCB3 | D7: 45184 | H7: 4689108392 | I7: Bancos e Serviços Financeiros
A8: =A5+1 -> 2 | B8: ABCB4-2023-07-15 | C8: ABCB4 | D8: 45122 | F8: 0.36039598 | G8: -0.46539838 | H8: 4.013099e+09 | I8: Bancos e Serviços Financeiros
A9: =A6+1 -> 2 | B9: ABCB4-2023-08-15 | C9: ABCB4 | D9: 45153 | F9: 2.4845142 | G9: -0.027505853 | H9: 4.1713621e+09 | I9: Bancos e Serviços Financeiros
A10: =A7+1 -> 2 | B10: ABCB4-2023-09-15 | C10: ABCB4 | D10: 45184 | F10: 5.7737358 | G10: 1.7853309 | H10: 4689108392 | I10: Bancos e Serviços Financeiros
A11: =A8+1 -> 3 | B11: ABYA3-2023-07-15 | C11: ABYA3 | D11: 45122
A12: =A9+1 -> 3 | B12: ABYA3-2023-08-15 | C12: ABYA3 | D12: 45153
A13: =A10+1 -> 3 | B13: ABYA3-2023-09-15 | C13: ABYA3 | D13: 45184
A14: =A11+1 -> 4 | B14: ADHM3-2023-07-15 | C14: ADHM3 | D14: 45122 | I14: Consumo Não-Cíclico
A15: =A12+1 -> 4 | B15: ADHM3-2023-08-15 | C15: ADHM3 | D15: 45153 | I15: Consumo Não-Cíclico
A16: =A13+1 -> 4 | B16: ADHM3-2023-09-15 | C16: ADHM3 | D16: 45184 | I16: Consumo Não-Cíclico
A17: =A14+1 -> 5 | B17: AERI3-2023-07-15 | C17: AERI3 | D17: 45122 | E17: 254680000 | F17: -0.77059577 | G17: -0.071191061 | H17: 9.1230552e+08 | I17: Indústria
A18: =A15+1 -> 5 | B18: AERI3-2023-08-15 | C18: AERI3 | D18: 45153 | E18: 277859000 | F18: -1.9343979 | G18: -0.10539752 | H18: 8.5996012e+08 | I18: Indústria
A19: =A16+1 -> 5 | B19: AERI3-2023-09-15 | C19: AERI3 | D19: 45184 | E19: 277859000 | F19: -1.742498 | G19: -0.75354202 | H19: 6.9544601e+08 | I19: Indústria
A20: =A17+1 -> 6 | B20: AESB3-2023-07-15 | C20: AESB3 | D20: 45122 | E20: 767946000 | F20: 0.7310006 | G20: 2.0047721 | H20: 7.1027423e+09 | I20: Utilidade Pública
A21: =A18+1 -> 6 | B21: AESB3-2023-08-15 | C21: AESB3 | D21: 45153 | E21: 848568000 | F21: -3.4132854 | G21: 0.16494726 | H21: 6.4767379e+09 | I21: Utilidade Pública
A22: =A19+1 -> 6 | B22: AESB3-2023-09-15 | C22: AESB3 | D22: 45184 | E22: 848568000 | F22: -1.0414439 | G22: 0.78926 | H22: 6.9883761e+09 | I22: Utilidade Pública
A23: =A20+1 -> 7 | B23: APPA3-2023-07-15 | C23: APPA3 | D23: 45122
A24: =A21+1 -> 7 | B24: APPA3-2023-08-15 | C24: APPA3 | D24: 45153
A25: =A22+1 -> 7 | B25: APPA3-2023-09-15 | C25: APPA3 | D25: 45184
A26: =A23+1 -> 8 | B26: APPA4-2023-07-15 | C26: APPA4 | D26: 45122
A27: =A24+1 -> 8 | B27: APPA4-2023-08-15 | C27: APPA4 | D27: 45153
A28: =A25+1 -> 8 | B28: APPA4-2023-09-15 | C28: APPA4 | D28: 45184
A29: =A26+1 -> 9 | B29: AVIL3-2023-07-15 | C29: AVIL3 | D29: 45122
A30: =A27+1 -> 9 | B30: AVIL3-2023-08-15 | C30: AVIL3 | D30: 45153
A31: =A28+1 -> 9 | B31: AVIL3-2023-09-15 | C31: AVIL3 | D31: 45184
A32: =A29+1 -> 10 | B32: AVIL4-2023-07-15 | C32: AVIL4 | D32: 45122
A33: =A30+1 -> 10 | B33: AVIL4-2023-08-15 | C33: AVIL4 | D33: 45153
A34: =A31+1 -> 10 | B34: AVIL4-2023-09-15 | C34: AVIL4 | D34: 45184
A35: =A32+1 -> 11 | B35: EALT3-2023-07-15 | C35: EALT3 | D35: 45122 | E35: 53686000 | H35: 183817500 | I35: Indústria
A36: =A33+1 -> 11 | B36: EALT3-2023-08-15 | C36: EALT3 | D36: 45153 | E36: 50303000 | H36: 180345000 | I36: Indústria
A37: =A34+1 -> 11 | B37: EALT3-2023-09-15 | C37: EALT3 | D37: 45184 | E37: 50303000 | H37: 196417500 | I37: Indústria
A38: =A35+1 -> 12 | B38: EALT4-2023-07-15 | C38: EALT4 | D38: 45122 | E38: 53686000 | F38: 0.70009563 | G38: 1.2421042 | H38: 183817500 | I38: Indústria
A39: =A36+1 -> 12 | B39: EALT4-2023-08-15 | C39: EALT4 | D39: 45153 | E39: 50303000 | F39: 0.14604751 | G39: 1.1868813 | H39: 180345000 | I39: Indústria
A40: =A37+1 -> 12 | B40: EALT4-2023-09-15 | C40: EALT4 | D40: 45184 | E40: 50303000 | F40: 0.70552401 | G40: 1.7240063 | H40: 196417500 | I40: Indústria
A41: =A38+1 -> 13 | B41: QVQP3B-2023-07-15 | C41: QVQP3B | D41: 45122 | E41: -134000
A42: =A39+1 -> 13 | B42: QVQP3B-2023-08-15 | C42: QVQP3B | D42: 45153 | E42: -134000
A43: =A40+1 -> 13 | B43: QVQP3B-2023-09-15 | C43: QVQP3B | D43: 45184 | E43: -134000
A44: =A41+1 -> 14 | B44: QVUM3B-2023-07-15 | C44: QVUM3B | D44: 45122
A45: =A42+1 -> 14 | B45: QVUM3B-2023-08-15 | C45: QVUM3B | D45: 45153
A46: =A43+1 -> 14 | B46: QVUM3B-2023-09-15 | C46: QVUM3B | D46: 45184
A47: =A44+1 -> 15 | B47: RRRP3-2023-07-15 | C47: RRRP3 | D47: 45122 | E47: 205648000 | F47: -0.4302905 | G47: -0.71723492 | H47: 7.801465e+09 | I47: Petróleo gás e biocombustíveis
A48: =A45+1 -> 15 | B48: RRRP3-2023-08-15 | C48: RRRP3 | D48: 45153 | E48: 113912000 | F48: -0.60962704 | G48: -0.58340749 | H48: 7.7918691e+09 | I48: Petróleo gás e biocombustíveis
A49: =A46+1 -> 15 | B49: RRRP3-2023-09-15 | C49: RRRP3 | D49: 45184 | E49: 113912000 | F49: 0.69189651 | G49: 1.0393499 | H49: 7.9478024e+09 | I49: Petróleo gás e biocombustíveis
A50: =A47+1 -> 16 | B50: TIET3-2023-07-15 | C50: TIET3 | D50: 45122 | E50: 767946000 | H50: 7.1027423e+09 | I50: Utilidade Pública
A51: =A48+1 -> 16 | B51: TIET3-2023-08-15 | C51: TIET3 | D51: 45153 | E51: 848568000 | H51: 6.4767379e+09 | I51: Utilidade Pública
A52: =A49+1 -> 16 | B52: TIET3-2023-09-15 | C52: TIET3 | D52: 45184 | E52: 848568000 | H52: 6.9883761e+09 | I52: Utilidade Pública
A53: =A50+1 -> 17 | B53: TIET4-2023-07-15 | C53: TIET4 | D53: 45122 | E53: 767946000 | H53: 7.1027423e+09 | I53: Utilidade Pública
A54: =A51+1 -> 17 | B54: TIET4-2023-08-15 | C54: TIET4 | D54: 45153 | E54: 848568000 | H54: 6.4767379e+09 | I54: Utilidade Pública
A55: =A52+1 -> 17 | B55: TIET4-2023-09-15 | C55: TIET4 | D55: 45184 | E55: 848568000 | H55: 6.9883761e+09 | I55: Utilidade Pública
A56: =A53+1 -> 18 | B56: TTEN3-2023-07-15 | C56: TTEN3 | D56: 45122 | E56: 601813000 | F56: -0.17926532 | G56: 2.385826 | H56: 6412001310 | I56: Agro
A57: =A54+1 -> 18 | B57: TTEN3-2023-08-15 | C57: TTEN3 | D57: 45153 | E57: 488863000 | F57: 0.78261532 | G57: -0.17674658 | H57: 6446876220 | I57: Agro
A58: =A55+1 -> 18 | B58: TTEN3-2023-09-15 | C58: TTEN3 | D58: 45184 | E58: 488863000 | F58: 2.3164478 | G58: 0.45434343 | H58: 7034767560 | I58: Agro
B63: id | C63: tickers | D63: dates | E63: ebit_12m | F63: ir_3m | G63: sharpe | H63: mkt_cap | J63: ebit_12m | K63: ir_3m | L63: sharpe | M63: mkt_cap
B64: ABCB11-2023-07-15 | C64: ABCB11 | D64: 45122 | H64: 4.013099e+09 | J64: =IF(E64="","",IF(E64>=E$84,E$84,IF(E64<=E$85,E$85,E64))) | K64: =IF(F64="","",IF(F64>=F$84,F$84,IF(F64<=F$85,F$85,F64))) | L64: =IF(G64="","",IF(G64>=G$84,G$84,IF(G64<=G$85,G$85,G64))) | M64: =IF(H64="","",IF(H64>=H$84,H$84,IF(H64<=H$85,H$85,H64))) -> 4.013099e+09
A65: 1 | B65: ABCB3-2023-07-15 | C65: ABCB3 | D65: 45122 | H65: 4.013099e+09 | J65: =IF(E65="","",IF(E65>=E$84,E$84,IF(E65<=E$85,E$85,E65))) | K65: =IF(F65="","",IF(F65>=F$84,F$84,IF(F65<=F$85,F$85,F65))) | L65: =IF(G65="","",IF(G65>=G$84,G$84,IF(G65<=G$85,G$85,G65))) | M65: =IF(H65="","",IF(H65>=H$84,H$84,IF(H65<=H$85,H$85,H65))) -> 4.013099e+09
A66: 2 | B66: ABCB4-2023-07-15 | C66: ABCB4 | D66: 45122 | F66: 0.36039598 | G66: -0.46539838 | H66: 4.013099e+09 | J66: =IF(E66="","",IF(E66>=E$84,E$84,IF(E66<=E$85,E$85,E66))) | K66: =IF(F66="","",IF(F66>=F$84,F$84,IF(F66<=F$85,F$85,F66))) -> 0.36039598 | L66: =IF(G66="","",IF(G66>=G$84,G$84,IF(G66<=G$85,G$85,G66))) -> -0.46539838 | M66: =IF(H66="","",IF(H66>=H$84,H$84,IF(H66<=H$85,H$85,H66))) -> 4.013099e+09
A67: 3 | B67: ABYA3-2023-07-15 | C67: ABYA3 | D67: 45122 | J67: =IF(E67="","",IF(E67>=E$84,E$84,IF(E67<=E$85,E$85,E67))) | K67: =IF(F67="","",IF(F67>=F$84,F$84,IF(F67<=F$85,F$85,F67))) | L67: =IF(G67="","",IF(G67>=G$84,G$84,IF(G67<=G$85,G$85,G67))) | M67: =IF(H67="","",IF(H67>=H$84,H$84,IF(H67<=H$85,H$85,H67)))
A68: 4 | B68: ADHM3-2023-07-15 | C68: ADHM3 | D68: 45122 | J68: =IF(E68="","",IF(E68>=E$84,E$84,IF(E68<=E$85,E$85,E68))) | K68: =IF(F68="","",IF(F68>=F$84,F$84,IF(F68<=F$85,F$85,F68))) | L68: =IF(G68="","",IF(G68>=G$84,G$84,IF(G68<=G$85,G$85,G68))) | M68: =IF(H68="","",IF(H68>=H$84,H$84,IF(H68<=H$85,H$85,H68)))
A69: 5 | B69: AERI3-2023-07-15 | C69: AERI3 | D69: 45122 | E69: 254680000 | F69: -0.77059577 | G69: -0.071191061 | H69: 9.1230552e+08 | J69: =IF(E69="","",IF(E69>=E$84,E$84,IF(E69<=E$85,E$85,E69))) -> 254680000 | K69: =IF(F69="","",IF(F69>=F$84,F$84,IF(F69<=F$85,F$85,F69))) -> -0.72805761 | L69: =IF(G69="","",IF(G69>=G$84,G$84,IF(G69<=G$85,G$85,G69))) -> -0.071191061 | M69: =IF(H69="","",IF(H69>=H$84,H$84,IF(H69<=H$85,H$85,H69))) -> 9.1230552e+08
A70: 6 | B70: AESB3-2023-07-15 | C70: AESB3 | D70: 45122 | E70: 767946000 | F70: 0.7310006 | G70: 2.0047721 | H70: 7.1027423e+09 | J70: =IF(E70="","",IF(E70>=E$84,E$84,IF(E70<=E$85,E$85,E70))) -> 767946000 | K70: =IF(F70="","",IF(F70>=F$84,F$84,IF(F70<=F$85,F$85,F70))) -> 0.72713748 | L70: =IF(G70="","",IF(G70>=G$84,G$84,IF(G70<=G$85,G$85,G70))) -> 2.0047721 | M70: =IF(H70="","",IF(H70>=H$84,H$84,IF(H70<=H$85,H$85,H70))) -> 7.1027423e+09
A71: 7 | B71: APPA3-2023-07-15 | C71: APPA3 | D71: 45122 | J71: =IF(E71="","",IF(E71>=E$84,E$84,IF(E71<=E$85,E$85,E71))) | K71: =IF(F71="","",IF(F71>=F$84,F$84,IF(F71<=F$85,F$85,F71))) | L71: =IF(G71="","",IF(G71>=G$84,G$84,IF(G71<=G$85,G$85,G71))) | M71: =IF(H71="","",IF(H71>=H$84,H$84,IF(H71<=H$85,H$85,H71)))
A72: 8 | B72: APPA4-2023-07-15 | C72: APPA4 | D72: 45122 | J72: =IF(E72="","",IF(E72>=E$84,E$84,IF(E72<=E$85,E$85,E72))) | K72: =IF(F72="","",IF(F72>=F$84,F$84,IF(F72<=F$85,F$85,F72))) | L72: =IF(G72="","",IF(G72>=G$84,G$84,IF(G72<=G$85,G$85,G72))) | M72: =IF(H72="","",IF(H72>=H$84,H$84,IF(H72<=H$85,H$85,H72)))
A73: 9 | B73: AVIL3-2023-07-15 | C73: AVIL3 | D73: 45122 | J73: =IF(E73="","",IF(E73>=E$84,E$84,IF(E73<=E$85,E$85,E73))) | K73: =IF(F73="","",IF(F73>=F$84,F$84,IF(F73<=F$85,F$85,F73))) | L73: =IF(G73="","",IF(G73>=G$84,G$84,IF(G73<=G$85,G$85,G73))) | M73: =IF(H73="","",IF(H73>=H$84,H$84,IF(H73<=H$85,H$85,H73)))
A74: 10 | B74: AVIL4-2023-07-15 | C74: AVIL4 | D74: 45122 | J74: =IF(E74="","",IF(E74>=E$84,E$84,IF(E74<=E$85,E$85,E74))) | K74: =IF(F74="","",IF(F74>=F$84,F$84,IF(F74<=F$85,F$85,F74))) | L74: =IF(G74="","",IF(G74>=G$84,G$84,IF(G74<=G$85,G$85,G74))) | M74: =IF(H74="","",IF(H74>=H$84,H$84,IF(H74<=H$85,H$85,H74)))
A75: 11 | B75: EALT3-2023-07-15 | C75: EALT3 | D75: 45122 | E75: 53686000 | H75: 183817500 | J75: =IF(E75="","",IF(E75>=E$84,E$84,IF(E75<=E$85,E$85,E75))) -> 53686000 | K75: =IF(F75="","",IF(F75>=F$84,F$84,IF(F75<=F$85,F$85,F75))) | L75: =IF(G75="","",IF(G75>=G$84,G$84,IF(G75<=G$85,G$85,G75))) | M75: =IF(H75="","",IF(H75>=H$84,H$84,IF(H75<=H$85,H$85,H75))) -> 183817500
A76: 12 | B76: EALT4-2023-07-15 | C76: EALT4 | D76: 45122 | E76: 53686000 | F76: 0.70009563 | G76: 1.2421042 | H76: 183817500 | J76: =IF(E76="","",IF(E76>=E$84,E$84,IF(E76<=E$85,E$85,E76))) -> 53686000 | K76: =IF(F76="","",IF(F76>=F$84,F$84,IF(F76<=F$85,F$85,F76))) -> 0.70009563 | L76: =IF(G76="","",IF(G76>=G$84,G$84,IF(G76<=G$85,G$85,G76))) -> 1.2421042 | M76: =IF(H76="","",IF(H76>=H$84,H$84,IF(H76<=H$85,H$85,H76))) -> 183817500
A77: 13 | B77: QVQP3B-2023-07-15 | C77: QVQP3B | D77: 45122 | E77: -134000 | J77: =IF(E77="","",IF(E77>=E$84,E$84,IF(E77<=E$85,E$85,E77))) -> 10630000 | K77: =IF(F77="","",IF(F77>=F$84,F$84,IF(F77<=F$85,F$85,F77))) | L77: =IF(G77="","",IF(G77>=G$84,G$84,IF(G77<=G$85,G$85,G77))) | M77: =IF(H77="","",IF(H77>=H$84,H$84,IF(H77<=H$85,H$85,H77)))
A78: 14 | B78: QVUM3B-2023-07-15 | C78: QVUM3B | D78: 45122 | J78: =IF(E78="","",IF(E78>=E$84,E$84,IF(E78<=E$85,E$85,E78))) | K78: =IF(F78="","",IF(F78>=F$84,F$84,IF(F78<=F$85,F$85,F78))) | L78: =IF(G78="","",IF(G78>=G$84,G$84,IF(G78<=G$85,G$85,G78))) | M78: =IF(H78="","",IF(H78>=H$84,H$84,IF(H78<=H$85,H$85,H78)))
A79: 15 | B79: RRRP3-2023-07-15 | C79: RRRP3 | D79: 45122 | E79: 205648000 | F79: -0.4302905 | G79: -0.71723492 | H79: 7.801465e+09 | J79: =IF(E79="","",IF(E79>=E$84,E$84,IF(E79<=E$85,E$85,E79))) -> 205648000 | K79: =IF(F79="","",IF(F79>=F$84,F$84,IF(F79<=F$85,F$85,F79))) -> -0.4302905 | L79: =IF(G79="","",IF(G79>=G$84,G$84,IF(G79<=G$85,G$85,G79))) -> -0.68575535 | M79: =IF(H79="","",IF(H79>=H$84,H$84,IF(H79<=H$85,H$85,H79))) -> 7.6267843e+09
A80: 16 | B80: TIET3-2023-07-15 | C80: TIET3 | D80: 45122 | E80: 767946000 | H80: 7.1027423e+09 | J80: =IF(E80="","",IF(E80>=E$84,E$84,IF(E80<=E$85,E$85,E80))) -> 767946000 | K80: =IF(F80="","",IF(F80>=F$84,F$84,IF(F80<=F$85,F$85,F80))) | L80: =IF(G80="","",IF(G80>=G$84,G$84,IF(G80<=G$85,G$85,G80))) | M80: =IF(H80="","",IF(H80>=H$84,H$84,IF(H80<=H$85,H$85,H80))) -> 7.1027423e+09
A81: 17 | B81: TIET4-2023-07-15 | C81: TIET4 | D81: 45122 | E81: 767946000 | H81: 7.1027423e+09 | J81: =IF(E81="","",IF(E81>=E$84,E$84,IF(E81<=E$85,E$85,E81))) -> 767946000 | K81: =IF(F81="","",IF(F81>=F$84,F$84,IF(F81<=F$85,F$85,F81))) | L81: =IF(G81="","",IF(G81>=G$84,G$84,IF(G81<=G$85,G$85,G81))) | M81: =IF(H81="","",IF(H81>=H$84,H$84,IF(H81<=H$85,H$85,H81))) -> 7.1027423e+09
A82: 18 | B82: TTEN3-2023-07-15 | C82: TTEN3 | D82: 45122 | E82: 601813000 | F82: -0.17926532 | G82: 2.385826 | H82: 6412001310 | J82: =IF(E82="","",IF(E82>=E$84,E$84,IF(E82<=E$85,E$85,E82))) -> 601813000 | K82: =IF(F82="","",IF(F82>=F$84,F$84,IF(F82<=F$85,F$85,F82))) -> -0.17926532 | L82: =IF(G82="","",IF(G82>=G$84,G$84,IF(G82<=G$85,G$85,G82))) -> 2.3381942 | M82: =IF(H82="","",IF(H82>=H$84,H$84,IF(H82<=H$85,H$85,H82))) -> 6412001310
E84: =_xlfn.PERCENTILE.INC(E64:E82,0.975) -> 767946000 | F84: =_xlfn.PERCENTILE.INC(F64:F82,0.975) -> 0.72713748 | G84: =_xlfn.PERCENTILE.INC(G64:G82,0.975) -> 2.3381942 | H84: =_xlfn.PERCENTILE.INC(H64:H82,0.975) -> 7.6267843e+09
E85: =_xlfn.PERCENTILE.INC(E64:E82,0.025) -> 10630000 | F85: =_xlfn.PERCENTILE.INC(F64:F82,0.025) -> -0.72805761 | G85: =_xlfn.PERCENTILE.INC(G64:G82,0.025) -> -0.68575535 | H85: =_xlfn.PERCENTILE.INC(H64:H82,0.025) -> 183817500
B89: id | C89: tickers | D89: dates | E89: ebit_12m | F89: ir_3m | G89: sharpe | H89: mkt_cap | J89: ebit_12m | K89: ir_3m | L89: sharpe | M89: mkt_cap
B90: ABCB11-2023-08-15 | C90: ABCB11 | D90: 45153 | H90: 4.1713621e+09 | J90: =IF(E90="","",IF(E90>=E$110,E$110,IF(E90<=E$111,E$111,E90))) | K90: =IF(F90="","",IF(F90>=F$110,F$110,IF(F90<=F$111,F$111,F90))) | L90: =IF(G90="","",IF(G90>=G$110,G$110,IF(G90<=G$111,G$111,G90))) | M90: =IF(H90="","",IF(H90>=H$110,H$110,IF(H90<=H$111,H$111,H90))) -> 4.1713621e+09
A91: 1 | B91: ABCB3-2023-08-15 | C91: ABCB3 | D91: 45153 | H91: 4.1713621e+09 | J91: =IF(E91="","",IF(E91>=E$110,E$110,IF(E91<=E$111,E$111,E91))) | K91: =IF(F91="","",IF(F91>=F$110,F$110,IF(F91<=F$111,F$111,F91))) | L91: =IF(G91="","",IF(G91>=G$110,G$110,IF(G91<=G$111,G$111,G91))) | M91: =IF(H91="","",IF(H91>=H$110,H$110,IF(H91<=H$111,H$111,H91))) -> 4.1713621e+09
A92: 2 | B92: ABCB4-2023-08-15 | C92: ABCB4 | D92: 45153 | F92: 2.4845142 | G92: -0.027505853 | H92: 4.1713621e+09 | J92: =IF(E92="","",IF(E92>=E$110,E$110,IF(E92<=E$111,E$111,E92))) | K92: =IF(F92="","",IF(F92>=F$110,F$110,IF(F92<=F$111,F$111,F92))) -> 2.2717768 | L92: =IF(G92="","",IF(G92>=G$110,G$110,IF(G92<=G$111,G$111,G92))) -> -0.027505853 | M92: =IF(H92="","",IF(H92>=H$110,H$110,IF(H92<=H$111,H$111,H92))) -> 4.1713621e+09
A93: 3 | B93: ABYA3-2023-08-15 | C93: ABYA3 | D93: 45153 | J93: =IF(E93="","",IF(E93>=E$110,E$110,IF(E93<=E$111,E$111,E93))) | K93: =IF(F93="","",IF(F93>=F$110,F$110,IF(F93<=F$111,F$111,F93))) | L93: =IF(G93="","",IF(G93>=G$110,G$110,IF(G93<=G$111,G$111,G93))) | M93: =IF(H93="","",IF(H93>=H$110,H$110,IF(H93<=H$111,H$111,H93)))
A94: 4 | B94: ADHM3-2023-08-15 | C94: ADHM3 | D94: 45153 | J94: =IF(E94="","",IF(E94>=E$110,E$110,IF(E94<=E$111,E$111,E94))) | K94: =IF(F94="","",IF(F94>=F$110,F$110,IF(F94<=F$111,F$111,F94))) | L94: =IF(G94="","",IF(G94>=G$110,G$110,IF(G94<=G$111,G$111,G94))) | M94: =IF(H94="","",IF(H94>=H$110,H$110,IF(H94<=H$111,H$111,H94)))
A95: 5 | B95: AERI3-2023-08-15 | C95: AERI3 | D95: 45153 | E95: 277859000 | F95: -1.9343979 | G95: -0.10539752 | H95: 8.5996012e+08 | J95: =IF(E95="","",IF(E95>=E$110,E$110,IF(E95<=E$111,E$111,E95))) -> 277859000 | K95: =IF(F95="","",IF(F95>=F$110,F$110,IF(F95<=F$111,F$111,F95))) -> -1.9343979 | L95: =IF(G95="","",IF(G95>=G$110,G$110,IF(G95<=G$111,G$111,G95))) -> -0.10539752 | M95: =IF(H95="","",IF(H95>=H$110,H$110,IF(H95<=H$111,H$111,H95))) -> 8.5996012e+08
A96: 6 | B96: AESB3-2023-08-15 | C96: AESB3 | D96: 45153 | E96: 848568000 | F96: -3.4132854 | G96: 0.16494726 | H96: 6.4767379e+09 | J96: =IF(E96="","",IF(E96>=E$110,E$110,IF(E96<=E$111,E$111,E96))) -> 848568000 | K96: =IF(F96="","",IF(F96>=F$110,F$110,IF(F96<=F$111,F$111,F96))) -> -3.2284245 | L96: =IF(G96="","",IF(G96>=G$110,G$110,IF(G96<=G$111,G$111,G96))) -> 0.16494726 | M96: =IF(H96="","",IF(H96>=H$110,H$110,IF(H96<=H$111,H$111,H96))) -> 6.4767379e+09
A97: 7 | B97: APPA3-2023-08-15 | C97: APPA3 | D97: 45153 | J97: =IF(E97="","",IF(E97>=E$110,E$110,IF(E97<=E$111,E$111,E97))) | K97: =IF(F97="","",IF(F97>=F$110,F$110,IF(F97<=F$111,F$111,F97))) | L97: =IF(G97="","",IF(G97>=G$110,G$110,IF(G97<=G$111,G$111,G97))) | M97: =IF(H97="","",IF(H97>=H$110,H$110,IF(H97<=H$111,H$111,H97)))
A98: 8 | B98: APPA4-2023-08-15 | C98: APPA4 | D98: 45153 | J98: =IF(E98="","",IF(E98>=E$110,E$110,IF(E98<=E$111,E$111,E98))) | K98: =IF(F98="","",IF(F98>=F$110,F$110,IF(F98<=F$111,F$111,F98))) | L98: =IF(G98="","",IF(G98>=G$110,G$110,IF(G98<=G$111,G$111,G98))) | M98: =IF(H98="","",IF(H98>=H$110,H$110,IF(H98<=H$111,H$111,H98)))
A99: 9 | B99: AVIL3-2023-08-15 | C99: AVIL3 | D99: 45153 | J99: =IF(E99="","",IF(E99>=E$110,E$110,IF(E99<=E$111,E$111,E99))) | K99: =IF(F99="","",IF(F99>=F$110,F$110,IF(F99<=F$111,F$111,F99))) | L99: =IF(G99="","",IF(G99>=G$110,G$110,IF(G99<=G$111,G$111,G99))) | M99: =IF(H99="","",IF(H99>=H$110,H$110,IF(H99<=H$111,H$111,H99)))
A100: 10 | B100: AVIL4-2023-08-15 | C100: AVIL4 | D100: 45153 | J100: =IF(E100="","",IF(E100>=E$110,E$110,IF(E100<=E$111,E$111,E100))) | K100: =IF(F100="","",IF(F100>=F$110,F$110,IF(F100<=F$111,F$111,F100))) | L100: =IF(G100="","",IF(G100>=G$110,G$110,IF(G100<=G$111,G$111,G100))) | M100: =IF(H100="","",IF(H100>=H$110,H$110,IF(H100<=H$111,H$111,H100)))
A101: 11 | B101: EALT3-2023-08-15 | C101: EALT3 | D101: 45153 | E101: 50303000 | H101: 180345000 | J101: =IF(E101="","",IF(E101>=E$110,E$110,IF(E101<=E$111,E$111,E101))) -> 50303000 | K101: =IF(F101="","",IF(F101>=F$110,F$110,IF(F101<=F$111,F$111,F101))) | L101: =IF(G101="","",IF(G101>=G$110,G$110,IF(G101<=G$111,G$111,G101))) | M101: =IF(H101="","",IF(H101>=H$110,H$110,IF(H101<=H$111,H$111,H101))) -> 180345000
A102: 12 | B102: EALT4-2023-08-15 | C102: EALT4 | D102: 45153 | E102: 50303000 | F102: 0.14604751 | G102: 1.1868813 | H102: 180345000 | J102: =IF(E102="","",IF(E102>=E$110,E$110,IF(E102<=E$111,E$111,E102))) -> 50303000 | K102: =IF(F102="","",IF(F102>=F$110,F$110,IF(F102<=F$111,F$111,F102))) -> 0.14604751 | L102: =IF(G102="","",IF(G102>=G$110,G$110,IF(G102<=G$111,G$111,G102))) -> 1.0591396 | M102: =IF(H102="","",IF(H102>=H$110,H$110,IF(H102<=H$111,H$111,H102))) -> 180345000
A103: 13 | B103: QVQP3B-2023-08-15 | C103: QVQP3B | D103: 45153 | E103: -134000 | J103: =IF(E103="","",IF(E103>=E$110,E$110,IF(E103<=E$111,E$111,E103))) -> 9953400 | K103: =IF(F103="","",IF(F103>=F$110,F$110,IF(F103<=F$111,F$111,F103))) | L103: =IF(G103="","",IF(G103>=G$110,G$110,IF(G103<=G$111,G$111,G103))) | M103: =IF(H103="","",IF(H103>=H$110,H$110,IF(H103<=H$111,H$111,H103)))
A104: 14 | B104: QVUM3B-2023-08-15 | C104: QVUM3B | D104: 45153 | J104: =IF(E104="","",IF(E104>=E$110,E$110,IF(E104<=E$111,E$111,E104))) | K104: =IF(F104="","",IF(F104>=F$110,F$110,IF(F104<=F$111,F$111,F104))) | L104: =IF(G104="","",IF(G104>=G$110,G$110,IF(G104<=G$111,G$111,G104))) | M104: =IF(H104="","",IF(H104>=H$110,H$110,IF(H104<=H$111,H$111,H104)))
A105: 15 | B105: RRRP3-2023-08-15 | C105: RRRP3 | D105: 45153 | E105: 113912000 | F105: -0.60962704 | G105: -0.58340749 | H105: 7.7918691e+09 | J105: =IF(E105="","",IF(E105>=E$110,E$110,IF(E105<=E$111,E$111,E105))) -> 113912000 | K105: =IF(F105="","",IF(F105>=F$110,F$110,IF(F105<=F$111,F$111,F105))) -> -0.60962704 | L105: =IF(G105="","",IF(G105>=G$110,G$110,IF(G105<=G$111,G$111,G105))) -> -0.53257487 | M105: =IF(H105="","",IF(H105>=H$110,H$110,IF(H105<=H$111,H$111,H105))) -> 7.4630863e+09
A106: 16 | B106: TIET3-2023-08-15 | C106: TIET3 | D106: 45153 | E106: 848568000 | H106: 6.4767379e+09 | J106: =IF(E106="","",IF(E106>=E$110,E$110,IF(E106<=E$111,E$111,E106))) -> 848568000 | K106: =IF(F106="","",IF(F106>=F$110,F$110,IF(F106<=F$111,F$111,F106))) | L106: =IF(G106="","",IF(G106>=G$110,G$110,IF(G106<=G$111,G$111,G106))) | M106: =IF(H106="","",IF(H106>=H$110,H$110,IF(H106<=H$111,H$111,H106))) -> 6.4767379e+09
A107: 17 | B107: TIET4-2023-08-15 | C107: TIET4 | D107: 45153 | E107: 848568000 | H107: 6.4767379e+09 | J107: =IF(E107="","",IF(E107>=E$110,E$110,IF(E107<=E$111,E$111,E107))) -> 848568000 | K107: =IF(F107="","",IF(F107>=F$110,F$110,IF(F107<=F$111,F$111,F107))) | L107: =IF(G107="","",IF(G107>=G$110,G$110,IF(G107<=G$111,G$111,G107))) | M107: =IF(H107="","",IF(H107>=H$110,H$110,IF(H107<=H$111,H$111,H107))) -> 6.4767379e+09
A108: 18 | B108: TTEN3-2023-08-15 | C108: TTEN3 | D108: 45153 | E108: 488863000 | F108: 0.78261532 | G108: -0.17674658 | H108: 6446876220 | J108: =IF(E108="","",IF(E108>=E$110,E$110,IF(E108<=E$111,E$111,E108))) -> 488863000 | K108: =IF(F108="","",IF(F108>=F$110,F$110,IF(F108<=F$111,F$111,F108))) -> 0.78261532 | L108: =IF(G108="","",IF(G108>=G$110,G$110,IF(G108<=G$111,G$111,G108))) -> -0.17674658 | M108: =IF(H108="","",IF(H108>=H$110,H$110,IF(H108<=H$111,H$111,H108))) -> 6446876220
...

Sheet winsorized_panel
B1: id | C1: tickers | D1: dates | E1: ebit_12m | F1: ir_3m | G1: sharpe | H1: mkt_cap | I1: sector_c1
B2: ABCB11-2023-07-15 | C2: ABCB11 | D2: 45122 | H2: 4.013099e+09 | I2: Bancos e Serviços Financeiros
B3: ABCB11-2023-08-15 | C3: ABCB11 | D3: 45153 | H3: 4.1713621e+09 | I3: Bancos e Serviços Financeiros
B4: ABCB11-2023-09-15 | C4: ABCB11 | D4: 45184 | H4: 4689108392 | I4: Bancos e Serviços Financeiros
B5: ABCB3-2023-07-15 | C5: ABCB3 | D5: 45122 | H5: 4.013099e+09 | I5: Bancos e Serviços Financeiros
B6: ABCB3-2023-08-15 | C6: ABCB3 | D6: 45153 | H6: 4.1713621e+09 | I6: Bancos e Serviços Financeiros
B7: ABCB3-2023-09-15 | C7: ABCB3 | D7: 45184 | H7: 4689108392 | I7: Bancos e Serviços Financeiros
B8: ABCB4-2023-07-15 | C8: ABCB4 | D8: 45122 | F8: 0.36039598 | G8: -0.46539838 | H8: 4.013099e+09 | I8: Bancos e Serviços Financeiros
B9: ABCB4-2023-08-15 | C9: ABCB4 | D9: 45153 | F9: 2.2717768 | G9: -0.027505853 | H9: 4.1713621e+09 | I9: Bancos e Serviços Financeiros
B10: ABCB4-2023-09-15 | C10: ABCB4 | D10: 45184 | F10: 5.3415748 | G10: 1.7776653 | H10: 4689108392 | I10: Bancos e Serviços Financeiros
B11: ABYA3-2023-07-15 | C11: ABYA3 | D11: 45122
B12: ABYA3-2023-08-15 | C12: ABYA3 | D12: 45153
B13: ABYA3-2023-09-15 | C13: ABYA3 | D13: 45184
B14: ADHM3-2023-07-15 | C14: ADHM3 | D14: 45122 | I14: Consumo Não-Cíclico
B15: ADHM3-2023-08-15 | C15: ADHM3 | D15: 45153 | I15: Consumo Não-Cíclico
B16: ADHM3-2023-09-15 | C16: ADHM3 | D16: 45184 | I16: Consumo Não-Cíclico
B17: AERI3-2023-07-15 | C17: AERI3 | D17: 45122 | E17: 254680000 | F17: -0.72805761 | G17: -0.071191061 | H17: 9.1230552e+08 | I17: Indústria
B18: AERI3-2023-08-15 | C18: AERI3 | D18: 45153 | E18: 277859000 | F18: -1.9343979 | G18: -0.10539752 | H18: 8.5996012e+08 | I18: Indústria
B19: AERI3-2023-09-15 | C19: AERI3 | D19: 45184 | E19: 277859000 | F19: -1.6548662 | G19: -0.60255634 | H19: 6.9544601e+08 | I19: Indústria
B20: AESB3-2023-07-15 | C20: AESB3 | D20: 45122 | E20: 767946000 | F20: 0.72713748 | G20: 2.0047721 | H20: 7.1027423e+09 | I20: Utilidade Pública
B21: AESB3-2023-08-15 | C21: AESB3 | D21: 45153 | E21: 848568000 | F21: -3.2284245 | G21: 0.16494726 | H21: 6.4767379e+09 | I21: Utilidade Pública
B22: AESB3-2023-09-15 | C22: AESB3 | D22: 45184 | E22: 848568000 | F22: -1.0414439 | G22: 0.78926 | H22: 6.9883761e+09 | I22: Utilidade Pública
B23: APPA3-2023-07-15 | C23: APPA3 | D23: 45122
B24: APPA3-2023-08-15 | C24: APPA3 | D24: 45153
B25: APPA3-2023-09-15 | C25: APPA3 | D25: 45184
B26: APPA4-2023-07-15 | C26: APPA4 | D26: 45122
B27: APPA4-2023-08-15 | C27: APPA4 | D27: 45153
B28: APPA4-2023-09-15 | C28: APPA4 | D28: 45184
B29: AVIL3-2023-07-15 | C29: AVIL3 | D29: 45122
B30: AVIL3-2023-08-15 | C30: AVIL3 | D30: 45153
B31: AVIL3-2023-09-15 | C31: AVIL3 | D31: 45184
B32: AVIL4-2023-07-15 | C32: AVIL4 | D32: 45122
B33: AVIL4-2023-08-15 | C33: AVIL4 | D33: 45153
B34: AVIL4-2023-09-15 | C34: AVIL4 | D34: 45184
B35: EALT3-2023-07-15 | C35: EALT3 | D35: 45122 | E35: 53686000 | H35: 183817500 | I35: Indústria
B36: EALT3-2023-08-15 | C36: EALT3 | D36: 45153 | E36: 50303000 | H36: 180345000 | I36: Indústria
B37: EALT3-2023-09-15 | C37: EALT3 | D37: 45184 | E37: 50303000 | H37: 196417500 | I37: Indústria
B38: EALT4-2023-07-15 | C38: EALT4 | D38: 45122 | E38: 53686000 | F38: 0.70009563 | G38: 1.2421042 | H38: 183817500 | I38: Indústria
B39: EALT4-2023-08-15 | C39: EALT4 | D39: 45153 | E39: 50303000 | F39: 0.14604751 | G39: 1.0591396 | H39: 180345000 | I39: Indústria
B40: EALT4-2023-09-15 | C40: EALT4 | D40: 45184 | E40: 50303000 | F40: 0.70552401 | G40: 1.7240063 | H40: 196417500 | I40: Indústria
B41: QVQP3B-2023-07-15 | C41: QVQP3B | D41: 45122 | E41: 10630000
B42: QVQP3B-2023-08-15 | C42: QVQP3B | D42: 45153 | E42: 9953400
B43: QVQP3B-2023-09-15 | C43: QVQP3B | D43: 45184 | E43: 9953400
B44: QVUM3B-2023-07-15 | C44: QVUM3B | D44: 45122
B45: QVUM3B-2023-08-15 | C45: QVUM3B | D45: 45153
B46: QVUM3B-2023-09-15 | C46: QVUM3B | D46: 45184
B47: RRRP3-2023-07-15 | C47: RRRP3 | D47: 45122 | E47: 205648000 | F47: -0.4302905 | G47: -0.68575535 | H47: 7.6267843e+09 | I47: Petróleo gás e biocombustíveis
B48: RRRP3-2023-08-15 | C48: RRRP3 | D48: 45153 | E48: 113912000 | F48: -0.60962704 | G48: -0.53257487 | H48: 7.4630863e+09 | I48: Petróleo gás e biocombustíveis
B49: RRRP3-2023-09-15 | C49: RRRP3 | D49: 45184 | E49: 113912000 | F49: 0.69189651 | G49: 1.0393499 | H49: 7.7195437e+09 | I49: Petróleo gás e biocombustíveis
B50: TIET3-2023-07-15 | C50: TIET3 | D50: 45122 | E50: 767946000 | H50: 7.1027423e+09 | I50: Utilidade Pública
B51: TIET3-2023-08-15 | C51: TIET3 | D51: 45153 | E51: 848568000 | H51: 6.4767379e+09 | I51: Utilidade Pública
B52: TIET3-2023-09-15 | C52: TIET3 | D52: 45184 | E52: 848568000 | H52: 6.9883761e+09 | I52: Utilidade Pública
B53: TIET4-2023-07-15 | C53: TIET4 | D53: 45122 | E53: 767946000 | H53: 7.1027423e+09 | I53: Utilidade Pública
B54: TIET4-2023-08-15 | C54: TIET4 | D54: 45153 | E54: 848568000 | H54: 6.4767379e+09 | I54: Utilidade Pública
B55: TIET4-2023-09-15 | C55: TIET4 | D55: 45184 | E55: 848568000 | H55: 6.9883761e+09 | I55: Utilidade Pública
B56: TTEN3-2023-07-15 | C56: TTEN3 | D56: 45122 | E56: 601813000 | F56: -0.17926532 | G56: 2.3381942 | H56: 6412001310 | I56: Agro
B57: TTEN3-2023-08-15 | C57: TTEN3 | D57: 45153 | E57: 488863000 | F57: 0.78261532 | G57: -0.17674658 | H57: 6446876220 | I57: Agro
B58: TTEN3-2023-09-15 | C58: TTEN3 | D58: 45184 | E58: 488863000 | F58: 2.3164478 | G58: 0.45434343 | H58: 7034767560 | I58: Agro
I61: sector_c1
I62: Bancos e Serviços Financeiros
I63: Bancos e Serviços Financeiros
I64: Bancos e Serviços Financeiros
I66: Consumo Não-Cíclico
I67: Indústria
I68: Utilidade Pública
I73: Indústria
I74: Indústria
I77: Petróleo gás e biocombustíveis
I78: Utilidade Pública
I79: Utilidade Pública
I80: Agro

Sheet calc_norm_panel
B1: id | C1: tickers | D1: dates | E1: ebit_12m | F1: ir_3m | G1: sharpe | H1: mkt_cap
B2: ABCB11-2023-07-15 | C2: ABCB11 | D2: 45122 | H2: 4.013099e+09
B3: ABCB11-2023-08-15 | C3: ABCB11 | D3: 45153 | H3: 4.1713621e+09
B4: ABCB11-2023-09-15 | C4: ABCB11 | D4: 45184 | H4: 4689108392
B5: ABCB3-2023-07-15 | C5: ABCB3 | D5: 45122 | H5: 4.013099e+09
B6: ABCB3-2023-08-15 | C6: ABCB3 | D6: 45153 | H6: 4.1713621e+09
B7: ABCB3-2023-09-15 | C7: ABCB3 | D7: 45184 | H7: 4689108392
B8: ABCB4-2023-07-15 | C8: ABCB4 | D8: 45122 | F8: 0.36039598 | G8: -0.46539838 | H8: 4.013099e+09
B9: ABCB4-2023-08-15 | C9: ABCB4 | D9: 45153 | F9: 2.2717768 | G9: -0.027505853 | H9: 4.1713621e+09
B10: ABCB4-2023-09-15 | C10: ABCB4 | D10: 45184 | F10: 5.3415748 | G10: 1.7776653 | H10: 4689108392
B11: ABYA3-2023-07-15 | C11: ABYA3 | D11: 45122
B12: ABYA3-2023-08-15 | C12: ABYA3 | D12: 45153
B13: ABYA3-2023-09-15 | C13: ABYA3 | D13: 45184
B14: ADHM3-2023-07-15 | C14: ADHM3 | D14: 45122
B15: ADHM3-2023-08-15 | C15: ADHM3 | D15: 45153
B16: ADHM3-2023-09-15 | C16: ADHM3 | D16: 45184
B17: AERI3-2023-07-15 | C17: AERI3 | D17: 45122 | E17: 254680000 | F17: -0.72805761 | G17: -0.071191061 | H17: 9.1230552e+08
B18: AERI3-2023-08-15 | C18: AERI3 | D18: 45153 | E18: 277859000 | F18: -1.9343979 | G18: -0.10539752 | H18: 8.5996012e+08
B19: AERI3-2023-09-15 | C19: AERI3 | D19: 45184 | E19: 277859000 | F19: -1.6548662 | G19: -0.60255634 | H19: 6.9544601e+08
B20: AESB3-2023-07-15 | C20: AESB3 | D20: 45122 | E20: 767946000 | F20: 0.72713748 | G20: 2.0047721 | H20: 7.1027423e+09
B21: AESB3-2023-08-15 | C21: AESB3 | D21: 45153 | E21: 848568000 | F21: -3.2284245 | G21: 0.16494726 | H21: 6.4767379e+09
B22: AESB3-2023-09-15 | C22: AESB3 | D22: 45184 | E22: 848568000 | F22: -1.0414439 | G22: 0.78926 | H22: 6.9883761e+09
B23: APPA3-2023-07-15 | C23: APPA3 | D23: 45122
B24: APPA3-2023-08-15 | C24: APPA3 | D24: 45153
B25: APPA3-2023-09-15 | C25: APPA3 | D25: 45184
B26: APPA4-2023-07-15 | C26: APPA4 | D26: 45122
B27: APPA4-2023-08-15 | C27: APPA4 | D27: 45153
B28: APPA4-2023-09-15 | C28: APPA4 | D28: 45184
B29: AVIL3-2023-07-15 | C29: AVIL3 | D29: 45122
B30: AVIL3-2023-08-15 | C30: AVIL3 | D30: 45153
B31: AVIL3-2023-09-15 | C31: AVIL3 | D31: 45184
B32: AVIL4-2023-07-15 | C32: AVIL4 | D32: 45122
B33: AVIL4-2023-08-15 | C33: AVIL4 | D33: 45153
B34: AVIL4-2023-09-15 | C34: AVIL4 | D34: 45184
B35: EALT3-2023-07-15 | C35: EALT3 | D35: 45122 | E35: 53686000 | H35: 183817500
B36: EALT3-2023-08-15 | C36: EALT3 | D36: 45153 | E36: 50303000 | H36: 180345000
B37: EALT3-2023-09-15 | C37: EALT3 | D37: 45184 | E37: 50303000 | H37: 196417500
B38: EALT4-2023-07-15 | C38: EALT4 | D38: 45122 | E38: 53686000 | F38: 0.70009563 | G38: 1.2421042 | H38: 183817500
B39: EALT4-2023-08-15 | C39: EALT4 | D39: 45153 | E39: 50303000 | F39: 0.14604751 | G39: 1.0591396 | H39: 180345000
B40: EALT4-2023-09-15 | C40: EALT4 | D40: 45184 | E40: 50303000 | F40: 0.70552401 | G40: 1.7240063 | H40: 196417500
B41: QVQP3B-2023-07-15 | C41: QVQP3B | D41: 45122 | E41: 10630000
B42: QVQP3B-2023-08-15 | C42: QVQP3B | D42: 45153 | E42: 9953400
B43: QVQP3B-2023-09-15 | C43: QVQP3B | D43: 45184 | E43: 9953400
B44: QVUM3B-2023-07-15 | C44: QVUM3B | D44: 45122
B45: QVUM3B-2023-08-15 | C45: QVUM3B | D45: 45153
B46: QVUM3B-2023-09-15 | C46: QVUM3B | D46: 45184
B47: RRRP3-2023-07-15 | C47: RRRP3 | D47: 45122 | E47: 205648000 | F47: -0.4302905 | G47: -0.68575535 | H47: 7.6267843e+09
B48: RRRP3-2023-08-15 | C48: RRRP3 | D48: 45153 | E48: 113912000 | F48: -0.60962704 | G48: -0.53257487 | H48: 7.4630863e+09
B49: RRRP3-2023-09-15 | C49: RRRP3 | D49: 45184 | E49: 113912000 | F49: 0.69189651 | G49: 1.0393499 | H49: 7.7195437e+09
B50: TIET3-2023-07-15 | C50: TIET3 | D50: 45122 | E50: 767946000 | H50: 7.1027423e+09
B51: TIET3-2023-08-15 | C51: TIET3 | D51: 45153 | E51: 848568000 | H51: 6.4767379e+09
B52: TIET3-2023-09-15 | C52: TIET3 | D52: 45184 | E52: 848568000 | H52: 6.9883761e+09
B53: TIET4-2023-07-15 | C53: TIET4 | D53: 45122 | E53: 767946000 | H53: 7.1027423e+09
B54: TIET4-2023-08-15 | C54: TIET4 | D54: 45153 | E54: 848568000 | H54: 6.4767379e+09
B55: TIET4-2023-09-15 | C55: TIET4 | D55: 45184 | E55: 848568000 | H55: 6.9883761e+09
B56: TTEN3-2023-07-15 | C56: TTEN3 | D56: 45122 | E56: 601813000 | F56: -0.17926532 | G56: 2.3381942 | H56: 6412001310
B57: TTEN3-2023-08-15 | C57: TTEN3 | D57: 45153 | E57: 488863000 | F57: 0.78261532 | G57: -0.17674658 | H57: 6446876220
B58: TTEN3-2023-09-15 | C58: TTEN3 | D58: 45184 | E58: 488863000 | F58: 2.3164478 | G58: 0.45434343 | H58: 7034767560
B61: id | C61: tickers | D61: dates | E61: ebit_12m | F61: ir_3m | G61: sharpe | H61: mkt_cap | J61: ebit_12m | K61: ir_3m | L61: sharpe | M61: mkt_cap
B62: ABCB11-2023-07-15 | C62: ABCB11 | D62: 45122 | H62: 4.013099e+09 | J62: =IF(E62="","",2*(E62-E$82)/(E$83-E$82)-1) | K62: =IF(F62="","",2*(F62-F$82)/(F$83-F$82)-1) | L62: =IF(G62="","",2*(G62-G$82)/(G$83-G$82)-1) | M62: =IF(H62="","",2*(H62-H$82)/(H$83-H$82)-1) -> 0.028966442
B63: ABCB3-2023-07-15 | C63: ABCB3 | D63: 45122 | H63: 4.013099e+09 | J63: =IF(E63="","",2*(E63-E$82)/(E$83-E$82)-1) | K63: =IF(F63="","",2*(F63-F$82)/(F$83-F$82)-1) | L63: =IF(G63="","",2*(G63-G$82)/(G$83-G$82)-1) | M63: =IF(H63="","",2*(H63-H$82)/(H$83-H$82)-1) -> 0.028966442
B64: ABCB4-2023-07-15 | C64: ABCB4 | D64: 45122 | F64: 0.36039598 | G64: -0.46539838 | H64: 4.013099e+09 | J64: =IF(E64="","",2*(E64-E$82)/(E$83-E$82)-1) | K64: =IF(F64="","",2*(F64-F$82)/(F$83-F$82)-1) -> 0.49595556 | L64: =IF(G64="","",2*(G64-G$82)/(G$83-G$82)-1) -> -0.85425883 | M64: =IF(H64="","",2*(H64-H$82)/(H$83-H$82)-1) -> 0.028966442
B65: ABYA3-2023-07-15 | C65: ABYA3 | D65: 45122 | J65: =IF(E65="","",2*(E65-E$82)/(E$83-E$82)-1) | K65: =IF(F65="","",2*(F65-F$82)/(F$83-F$82)-1) | L65: =IF(G65="","",2*(G65-G$82)/(G$83-G$82)-1) | M65: =IF(H65="","",2*(H65-H$82)/(H$83-H$82)-1)
B66: ADHM3-2023-07-15 | C66: ADHM3 | D66: 45122 | J66: =IF(E66="","",2*(E66-E$82)/(E$83-E$82)-1) | K66: =IF(F66="","",2*(F66-F$82)/(F$83-F$82)-1) | L66: =IF(G66="","",2*(G66-G$82)/(G$83-G$82)-1) | M66: =IF(H66="","",2*(H66-H$82)/(H$83-H$82)-1)
B67: AERI3-2023-07-15 | C67: AERI3 | D67: 45122 | E67: 254680000 | F67: -0.72805761 | G67: -0.071191061 | H67: 9.1230552e+08 | J67: =IF(E67="","",2*(E67-E$82)/(E$83-E$82)-1) -> -0.35548701 | K67: =IF(F67="","",2*(F67-F$82)/(F$83-F$82)-1) -> -1 | L67: =IF(G67="","",2*(G67-G$82)/(G$83-G$82)-1) -> -0.59353536 | M67: =IF(H67="","",2*(H67-H$82)/(H$83-H$82)-1) -> -0.80424795
B68: AESB3-2023-07-15 | C68: AESB3 | D68: 45122 | E68: 767946000 | F68: 0.72713748 | G68: 2.0047721 | H68: 7.1027423e+09 | J68: =IF(E68="","",2*(E68-E$82)/(E$83-E$82)-1) -> 1 | K68: =IF(F68="","",2*(F68-F$82)/(F$83-F$82)-1) -> 1 | L68: =IF(G68="","",2*(G68-G$82)/(G$83-G$82)-1) -> 0.77947905 | M68: =IF(H68="","",2*(H68-H$82)/(H$83-H$82)-1) -> 0.85918464
B69: APPA3-2023-07-15 | C69: APPA3 | D69: 45122 | J69: =IF(E69="","",2*(E69-E$82)/(E$83-E$82)-1) | K69: =IF(F69="","",2*(F69-F$82)/(F$83-F$82)-1) | L69: =IF(G69="","",2*(G69-G$82)/(G$83-G$82)-1) | M69: =IF(H69="","",2*(H69-H$82)/(H$83-H$82)-1)
B70: APPA4-2023-07-15 | C70: APPA4 | D70: 45122 | J70: =IF(E70="","",2*(E70-E$82)/(E$83-E$82)-1) | K70: =IF(F70="","",2*(F70-F$82)/(F$83-F$82)-1) | L70: =IF(G70="","",2*(G70-G$82)/(G$83-G$82)-1) | M70: =IF(H70="","",2*(H70-H$82)/(H$83-H$82)-1)
B71: AVIL3-2023-07-15 | C71: AVIL3 | D71: 45122 | J71: =IF(E71="","",2*(E71-E$82)/(E$83-E$82)-1) | K71: =IF(F71="","",2*(F71-F$82)/(F$83-F$82)-1) | L71: =IF(G71="","",2*(G71-G$82)/(G$83-G$82)-1) | M71: =IF(H71="","",2*(H71-H$82)/(H$83-H$82)-1)
B72: AVIL4-2023-07-15 | C72: AVIL4 | D72: 45122 | J72: =IF(E72="","",2*(E72-E$82)/(E$83-E$82)-1) | K72: =IF(F72="","",2*(F72-F$82)/(F$83-F$82)-1) | L72: =IF(G72="","",2*(G72-G$82)/(G$83-G$82)-1) | M72: =IF(H72="","",2*(H72-H$82)/(H$83-H$82)-1)
B73: EALT3-2023-07-15 | C73: EALT3 | D73: 45122 | E73: 53686000 | H73: 183817500 | J73: =IF(E73="","",2*(E73-E$82)/(E$83-E$82)-1) -> -0.88629317 | K73: =IF(F73="","",2*(F73-F$82)/(F$83-F$82)-1) | L73: =IF(G73="","",2*(G73-G$82)/(G$83-G$82)-1) | M73: =IF(H73="","",2*(H73-H$82)/(H$83-H$82)-1) -> -1
B74: EALT4-2023-07-15 | C74: EALT4 | D74: 45122 | E74: 53686000 | F74: 0.70009563 | G74: 1.2421042 | H74: 183817500 | J74: =IF(E74="","",2*(E74-E$82)/(E$83-E$82)-1) -> -0.88629317 | K74: =IF(F74="","",2*(F74-F$82)/(F$83-F$82)-1) -> 0.96283406 | L74: =IF(G74="","",2*(G74-G$82)/(G$83-G$82)-1) -> 0.27506063 | M74: =IF(H74="","",2*(H74-H$82)/(H$83-H$82)-1) -> -1
B75: QVQP3B-2023-07-15 | C75: QVQP3B | D75: 45122 | E75: 10630000 | J75: =IF(E75="","",2*(E75-E$82)/(E$83-E$82)-1) -> -1 | K75: =IF(F75="","",2*(F75-F$82)/(F$83-F$82)-1) | L75: =IF(G75="","",2*(G75-G$82)/(G$83-G$82)-1) | M75: =IF(H75="","",2*(H75-H$82)/(H$83-H$82)-1)
B76: QVUM3B-2023-07-15 | C76: QVUM3B | D76: 45122 | J76: =IF(E76="","",2*(E76-E$82)/(E$83-E$82)-1) | K76: =IF(F76="","",2*(F76-F$82)/(F$83-F$82)-1) | L76: =IF(G76="","",2*(G76-G$82)/(G$83-G$82)-1) | M76: =IF(H76="","",2*(H76-H$82)/(H$83-H$82)-1)
B77: RRRP3-2023-07-15 | C77: RRRP3 | D77: 45122 | E77: 205648000 | F77: -0.4302905 | G77: -0.68575535 | H77: 7.6267843e+09 | J77: =IF(E77="","",2*(E77-E$82)/(E$83-E$82)-1) -> -0.48497589 | K77: =IF(F77="","",2*(F77-F$82)/(F$83-F$82)-1) -> -0.590753 | L77: =IF(G77="","",2*(G77-G$82)/(G$83-G$82)-1) -> -1 | M77: =IF(H77="","",2*(H77-H$82)/(H$83-H$82)-1) -> 1
B78: TIET3-2023-07-15 | C78: TIET3 | D78: 45122 | E78: 767946000 | H78: 7.1027423e+09 | J78: =IF(E78="","",2*(E78-E$82)/(E$83-E$82)-1) -> 1 | K78: =IF(F78="","",2*(F78-F$82)/(F$83-F$82)-1) | L78: =IF(G78="","",2*(G78-G$82)/(G$83-G$82)-1) | M78: =IF(H78="","",2*(H78-H$82)/(H$83-H$82)-1) -> 0.85918464
B79: TIET4-2023-07-15 | C79: TIET4 | D79: 45122 | E79: 767946000 | H79: 7.1027423e+09 | J79: =IF(E79="","",2*(E79-E$82)/(E$83-E$82)-1) -> 1 | K79: =IF(F79="","",2*(F79-F$82)/(F$83-F$82)-1) | L79: =IF(G79="","",2*(G79-G$82)/(G$83-G$82)-1) | M79: =IF(H79="","",2*(H79-H$82)/(H$83-H$82)-1) -> 0.85918464
B80: TTEN3-2023-07-15 | C80: TTEN3 | D80: 45122 | E80: 601813000 | F80: -0.17926532 | G80: 2.3381942 | H80: 6412001310 | J80: =IF(E80="","",2*(E80-E$82)/(E$83-E$82)-1) -> 0.56125844 | K80: =IF(F80="","",2*(F80-F$82)/(F$83-F$82)-1) -> -0.24574747 | L80: =IF(G80="","",2*(G80-G$82)/(G$83-G$82)-1) -> 1 | M80: =IF(H80="","",2*(H80-H$82)/(H$83-H$82)-1) -> 0.6735756
E82: =MIN(E62:E80) -> 10630000 | F82: =MIN(F62:F80) -> -0.72805761 | G82: =MIN(G62:G80) -> -0.68575535 | H82: =MIN(H62:H80) -> 183817500
E83: =MAX(E62:E80) -> 767946000 | F83: =MAX(F62:F80) -> 0.72713748 | G83: =MAX(G62:G80) -> 2.3381942 | H83: =MAX(H62:H80) -> 7.6267843e+09
B87: id | C87: tickers | D87: dates | E87: ebit_12m | F87: ir_3m | G87: sharpe | H87: mkt_cap | J87: ebit_12m | K87: ir_3m | L87: sharpe | M87: mkt_cap
B88: ABCB11-2023-08-15 | C88: ABCB11 | D88: 45153 | H88: 4.1713621e+09 | J88: =IF(E88="","",2*(E88-E$108)/(E$109-E$108)-1) | K88: =IF(F88="","",2*(F88-F$108)/(F$109-F$108)-1) | L88: =IF(G88="","",2*(G88-G$108)/(G$109-G$108)-1) | M88: =IF(H88="","",2*(H88-H$108)/(H$109-H$108)-1) -> 0.096020562
B89: ABCB3-2023-08-15 | C89: ABCB3 | D89: 45153 | H89: 4.1713621e+09 | J89: =IF(E89="","",2*(E89-E$108)/(E$109-E$108)-1) | K89: =IF(F89="","",2*(F89-F$108)/(F$109-F$108)-1) | L89: =IF(G89="","",2*(G89-G$108)/(G$109-G$108)-1) | M89: =IF(H89="","",2*(H89-H$108)/(H$109-H$108)-1) -> 0.096020562
B90: ABCB4-2023-08-15 | C90: ABCB4 | D90: 45153 | F90: 2.2717768 | G90: -0.027505853 | H90: 4.1713621e+09 | J90: =IF(E90="","",2*(E90-E$108)/(E$109-E$108)-1) | K90: =IF(F90="","",2*(F90-F$108)/(F$109-F$108)-1) -> 1 | L90: =IF(G90="","",2*(G90-G$108)/(G$109-G$108)-1) -> -0.36537734 | M90: =IF(H90="","",2*(H90-H$108)/(H$109-H$108)-1) -> 0.096020562
B91: ABYA3-2023-08-15 | C91: ABYA3 | D91: 45153 | J91: =IF(E91="","",2*(E91-E$108)/(E$109-E$108)-1) | K91: =IF(F91="","",2*(F91-F$108)/(F$109-F$108)-1) | L91: =IF(G91="","",2*(G91-G$108)/(G$109-G$108)-1) | M91: =IF(H91="","",2*(H91-H$108)/(H$109-H$108)-1)
B92: ADHM3-2023-08-15 | C92: ADHM3 | D92: 45153 | J92: =IF(E92="","",2*(E92-E$108)/(E$109-E$108)-1) | K92: =IF(F92="","",2*(F92-F$108)/(F$109-F$108)-1) | L92: =IF(G92="","",2*(G92-G$108)/(G$109-G$108)-1) | M92: =IF(H92="","",2*(H92-H$108)/(H$109-H$108)-1)
B93: AERI3-2023-08-15 | C93: AERI3 | D93: 45153 | E93: 277859000 | F93: -1.9343979 | G93: -0.10539752 | H93: 8.5996012e+08 | J93: =IF(E93="","",2*(E93-E$108)/(E$109-E$108)-1) -> -0.36107576 | K93: =IF(F93="","",2*(F93-F$108)/(F$109-F$108)-1) -> -0.52946209 | L93: =IF(G93="","",2*(G93-G$108)/(G$109-G$108)-1) -> -0.46324876 | M93: =IF(H93="","",2*(H93-H$108)/(H$109-H$108)-1) -> -0.81336283
B94: AESB3-2023-08-15 | C94: AESB3 | D94: 45153 | E94: 848568000 | F94: -3.2284245 | G94: 0.16494726 | H94: 6.4767379e+09 | J94: =IF(E94="","",2*(E94-E$108)/(E$109-E$108)-1) -> 1 | K94: =IF(F94="","",2*(F94-F$108)/(F$109-F$108)-1) -> -1 | L94: =IF(G94="","",2*(G94-G$108)/(G$109-G$108)-1) -> -0.1235587 | M94: =IF(H94="","",2*(H94-H$108)/(H$109-H$108)-1) -> 0.72912716
B95: APPA3-2023-08-15 | C95: APPA3 | D95: 45153 | J95: =IF(E95="","",2*(E95-E$108)/(E$109-E$108)-1) | K95: =IF(F95="","",2*(F95-F$108)/(F$109-F$108)-1) | L95: =IF(G95="","",2*(G95-G$108)/(G$109-G$108)-1) | M95: =IF(H95="","",2*(H95-H$108)/(H$109-H$108)-1)
B96: APPA4-2023-08-15 | C96: APPA4 | D96: 45153 | J96: =IF(E96="","",2*(E96-E$108)/(E$109-E$108)-1) | K96: =IF(F96="","",2*(F96-F$108)/(F$109-F$108)-1) | L96: =IF(G96="","",2*(G96-G$108)/(G$109-G$108)-1) | M96: =IF(H96="","",2*(H96-H$108)/(H$109-H$108)-1)
B97: AVIL3-2023-08-15 | C97: AVIL3 | D97: 45153 | J97: =IF(E97="","",2*(E97-E$108)/(E$109-E$108)-1) | K97: =IF(F97="","",2*(F97-F$108)/(F$109-F$108)-1) | L97: =IF(G97="","",2*(G97-G$108)/(G$109-G$108)-1) | M97: =IF(H97="","",2*(H97-H$108)/(H$109-H$108)-1)
B98: AVIL4-2023-08-15 | C98: AVIL4 | D98: 45153 | J98: =IF(E98="","",2*(E98-E$108)/(E$109-E$108)-1) | K98: =IF(F98="","",2*(F98-F$108)/(F$109-F$108)-1) | L98: =IF(G98="","",2*(G98-G$108)/(G$109-G$108)-1) | M98: =IF(H98="","",2*(H98-H$108)/(H$109-H$108)-1)
B99: EALT3-2023-08-15 | C99: EALT3 | D99: 45153 | E99: 50303000 | H99: 180345000 | J99: =IF(E99="","",2*(E99-E$108)/(E$109-E$108)-1) -> -0.90377081 | K99: =IF(F99="","",2*(F99-F$108)/(F$109-F$108)-1) | L99: =IF(G99="","",2*(G99-G$108)/(G$109-G$108)-1) | M99: =IF(H99="","",2*(H99-H$108)/(H$109-H$108)-1) -> -1
B100: EALT4-2023-08-15 | C100: EALT4 | D100: 45153 | E100: 50303000 | F100: 0.14604751 | G100: 1.0591396 | H100: 180345000 | J100: =IF(E100="","",2*(E100-E$108)/(E$109-E$108)-1) -> -0.90377081 | K100: =IF(F100="","",2*(F100-F$108)/(F$109-F$108)-1) -> 0.22703582 | L100: =IF(G100="","",2*(G100-G$108)/(G$109-G$108)-1) -> 1 | M100: =IF(H100="","",2*(H100-H$108)/(H$109-H$108)-1) -> -1
B101: QVQP3B-2023-08-15 | C101: QVQP3B | D101: 45153 | E101: 9953400 | J101: =IF(E101="","",2*(E101-E$108)/(E$109-E$108)-1) -> -1 | K101: =IF(F101="","",2*(F101-F$108)/(F$109-F$108)-1) | L101: =IF(G101="","",2*(G101-G$108)/(G$109-G$108)-1) | M101: =IF(H101="","",2*(H101-H$108)/(H$109-H$108)-1)
B102: QVUM3B-2023-08-15 | C102: QVUM3B | D102: 45153 | J102: =IF(E102="","",2*(E102-E$108)/(E$109-E$108)-1) | K102: =IF(F102="","",2*(F102-F$108)/(F$109-F$108)-1) | L102: =IF(G102="","",2*(G102-G$108)/(G$109-G$108)-1) | M102: =IF(H102="","",2*(H102-H$108)/(H$109-H$108)-1)
B103: RRRP3-2023-08-15 | C103: RRRP3 | D103: 45153 | E103: 113912000 | F103: -0.60962704 | G103: -0.53257487 | H103: 7.4630863e+09 | J103: =IF(E103="","",2*(E103-E$108)/(E$109-E$108)-1) -> -0.75207062 | K103: =IF(F103="","",2*(F103-F$108)/(F$109-F$108)-1) -> -0.047744874 | L103: =IF(G103="","",2*(G103-G$108)/(G$109-G$108)-1) -> -1 | M103: =IF(H103="","",2*(H103-H$108)/(H$109-H$108)-1) -> 1
B104: TIET3-2023-08-15 | C104: TIET3 | D104: 45153 | E104: 848568000 | H104: 6.4767379e+09 | J104: =IF(E104="","",2*(E104-E$108)/(E$109-E$108)-1) -> 1 | K104: =IF(F104="","",2*(F104-F$108)/(F$109-F$108)-1) | L104: =IF(G104="","",2*(G104-G$108)/(G$109-G$108)-1) | M104: =IF(H104="","",2*(H104-H$108)/(H$109-H$108)-1) -> 0.72912716
B105: TIET4-2023-08-15 | C105: TIET4 | D105: 45153 | E105: 848568000 | H105: 6.4767379e+09 | J105: =IF(E105="","",2*(E105-E$108)/(E$109-E$108)-1) -> 1 | K105: =IF(F105="","",2*(F105-F$108)/(F$109-F$108)-1) | L105: =IF(G105="","",2*(G105-G$108)/(G$109-G$108)-1) | M105: =IF(H105="","",2*(H105-H$108)/(H$109-H$108)-1) -> 0.72912716
B106: TTEN3-2023-08-15 | C106: TTEN3 | D106: 45153 | E106: 488863000 | F106: 0.78261532 | G106: -0.17674658 | H106: 6446876220 | J106: =IF(E106="","",2*(E106-E$108)/(E$109-E$108)-1) -> 0.14214468 | K106: =IF(F106="","",2*(F106-F$108)/(F$109-F$108)-1) -> 0.45850655 | L106: =IF(G106="","",2*(G106-G$108)/(G$109-G$108)-1) -> -0.55289933 | M106: =IF(H106="","",2*(H106-H$108)/(H$109-H$108)-1) -> 0.7209265
...

Sheet normalized_panel
B1: id | C1: tickers | D1: dates | E1: ebit_12m | F1: ir_3m | G1: sharpe | H1: mkt_cap | I1: sector_c1
B2: ABCB11-2023-07-15 | C2: ABCB11 | D2: 45122 | H2: 0.028966442 | I2: Bancos e Serviços Financeiros
B3: ABCB11-2023-08-15 | C3: ABCB11 | D3: 45153 | H3: 0.096020562 | I3: Bancos e Serviços Financeiros
B4: ABCB11-2023-09-15 | C4: ABCB11 | D4: 45184 | H4: 0.19436808 | I4: Bancos e Serviços Financeiros
B5: ABCB3-2023-07-15 | C5: ABCB3 | D5: 45122 | H5: 0.028966442 | I5: Bancos e Serviços Financeiros
B6: ABCB3-2023-08-15 | C6: ABCB3 | D6: 45153 | H6: 0.096020562 | I6: Bancos e Serviços Financeiros
B7: ABCB3-2023-09-15 | C7: ABCB3 | D7: 45184 | H7: 0.19436808 | I7: Bancos e Serviços Financeiros
B8: ABCB4-2023-07-15 | C8: ABCB4 | D8: 45122 | F8: 0.49595556 | G8: -0.85425883 | H8: 0.028966442 | I8: Bancos e Serviços Financeiros
B9: ABCB4-2023-08-15 | C9: ABCB4 | D9: 45153 | F9: 1 | G9: -0.36537734 | H9: 0.096020562 | I9: Bancos e Serviços Financeiros
B10: ABCB4-2023-09-15 | C10: ABCB4 | D10: 45184 | F10: 1 | G10: 1 | H10: 0.19436808 | I10: Bancos e Serviços Financeiros
B11: ABYA3-2023-07-15 | C11: ABYA3 | D11: 45122
B12: ABYA3-2023-08-15 | C12: ABYA3 | D12: 45153
B13: ABYA3-2023-09-15 | C13: ABYA3 | D13: 45184
B14: ADHM3-2023-07-15 | C14: ADHM3 | D14: 45122 | I14: Consumo Não-Cíclico
B15: ADHM3-2023-08-15 | C15: ADHM3 | D15: 45153 | I15: Consumo Não-Cíclico
B16: ADHM3-2023-09-15 | C16: ADHM3 | D16: 45184 | I16: Consumo Não-Cíclico
B17: AERI3-2023-07-15 | C17: AERI3 | D17: 45122 | E17: -0.35548701 | F17: -1 | G17: -0.59353536 | H17: -0.80424795 | I17: Indústria
B18: AERI3-2023-08-15 | C18: AERI3 | D18: 45153 | E18: -0.36107576 | F18: -0.52946209 | G18: -0.46324876 | H18: -0.81336283 | I18: Indústria
B19: AERI3-2023-09-15 | C19: AERI3 | D19: 45184 | E19: -0.36107576 | F19: -1 | G19: -1 | H19: -0.8673348 | I19: Indústria
B20: AESB3-2023-07-15 | C20: AESB3 | D20: 45122 | E20: 1 | F20: 1 | G20: 0.77947905 | H20: 0.85918464 | I20: Utilidade Pública
B21: AESB3-2023-08-15 | C21: AESB3 | D21: 45153 | E21: 1 | F21: -1 | G21: -0.1235587 | H21: 0.72912716 | I21: Utilidade Pública
B22: AESB3-2023-09-15 | C22: AESB3 | D22: 45184 | E22: 1 | F22: -0.82464732 | G22: 0.16948464 | H22: 0.80562133 | I22: Utilidade Pública
B23: APPA3-2023-07-15 | C23: APPA3 | D23: 45122
B24: APPA3-2023-08-15 | C24: APPA3 | D24: 45153
B25: APPA3-2023-09-15 | C25: APPA3 | D25: 45184
B26: APPA4-2023-07-15 | C26: APPA4 | D26: 45122
B27: APPA4-2023-08-15 | C27: APPA4 | D27: 45153
B28: APPA4-2023-09-15 | C28: APPA4 | D28: 45184
B29: AVIL3-2023-07-15 | C29: AVIL3 | D29: 45122
B30: AVIL3-2023-08-15 | C30: AVIL3 | D30: 45153
B31: AVIL3-2023-09-15 | C31: AVIL3 | D31: 45184
B32: AVIL4-2023-07-15 | C32: AVIL4 | D32: 45122
B33: AVIL4-2023-08-15 | C33: AVIL4 | D33: 45153
B34: AVIL4-2023-09-15 | C34: AVIL4 | D34: 45184
B35: EALT3-2023-07-15 | C35: EALT3 | D35: 45122 | E35: -0.88629317 | H35: -1 | I35: Indústria
B36: EALT3-2023-08-15 | C36: EALT3 | D36: 45153 | E36: -0.90377081 | H36: -1 | I36: Indústria
B37: EALT3-2023-09-15 | C37: EALT3 | D37: 45184 | E37: -0.90377081 | H37: -1 | I37: Indústria
B38: EALT4-2023-07-15 | C38: EALT4 | D38: 45122 | E38: -0.88629317 | F38: 0.96283406 | G38: 0.27506063 | H38: -1 | I38: Indústria
B39: EALT4-2023-08-15 | C39: EALT4 | D39: 45153 | E39: -0.90377081 | F39: 0.22703582 | G39: 1 | H39: -1 | I39: Indústria
B40: EALT4-2023-09-15 | C40: EALT4 | D40: 45184 | E40: -0.90377081 | F40: -0.32525974 | G40: 0.95491258 | H40: -1 | I40: Indústria
B41: QVQP3B-2023-07-15 | C41: QVQP3B | D41: 45122 | E41: -1
B42: QVQP3B-2023-08-15 | C42: QVQP3B | D42: 45153 | E42: -1
B43: QVQP3B-2023-09-15 | C43: QVQP3B | D43: 45184 | E43: -1
B44: QVUM3B-2023-07-15 | C44: QVUM3B | D44: 45122
B45: QVUM3B-2023-08-15 | C45: QVUM3B | D45: 45153
B46: QVUM3B-2023-09-15 | C46: QVUM3B | D46: 45184
B47: RRRP3-2023-07-15 | C47: RRRP3 | D47: 45122 | E47: -0.48497589 | F47: -0.590753 | G47: -1 | H47: 1 | I47: Petróleo gás e biocombustíveis
B48: RRRP3-2023-08-15 | C48: RRRP3 | D48: 45153 | E48: -0.75207062 | F48: -0.047744874 | G48: -1 | H48: 1 | I48: Petróleo gás e biocombustíveis
B49: RRRP3-2023-09-15 | C49: RRRP3 | D49: 45184 | E49: -0.75207062 | F49: -0.32915529 | G49: 0.37962462 | H49: 1 | I49: Petróleo gás e biocombustíveis
B50: TIET3-2023-07-15 | C50: TIET3 | D50: 45122 | E50: 1 | H50: 0.85918464 | I50: Utilidade Pública
B51: TIET3-2023-08-15 | C51: TIET3 | D51: 45153 | E51: 1 | H51: 0.72912716 | I51: Utilidade Pública
B52: TIET3-2023-09-15 | C52: TIET3 | D52: 45184 | E52: 1 | H52: 0.80562133 | I52: Utilidade Pública
B53: TIET4-2023-07-15 | C53: TIET4 | D53: 45122 | E53: 1 | H53: 0.85918464 | I53: Utilidade Pública
B54: TIET4-2023-08-15 | C54: TIET4 | D54: 45153 | E54: 1 | H54: 0.72912716 | I54: Utilidade Pública
B55: TIET4-2023-09-15 | C55: TIET4 | D55: 45184 | E55: 1 | H55: 0.80562133 | I55: Utilidade Pública
B56: TTEN3-2023-07-15 | C56: TTEN3 | D56: 45122 | E56: 0.56125844 | F56: -0.24574747 | G56: 1 | H56: 0.6735756 | I56: Agro
B57: TTEN3-2023-08-15 | C57: TTEN3 | D57: 45153 | E57: 0.14214468 | F57: 0.45850655 | G57: -0.55289933 | H57: 0.7209265 | I57: Agro
B58: TTEN3-2023-09-15 | C58: TTEN3 | D58: 45184 | E58: 0.14214468 | F58: 0.13523832 | G58: -0.11193165 | H58: 0.81795436 | I58: Agro

Sheet normalized_panel_banks_filled
B1: id | C1: tickers | D1: dates | E1: ebit_12m | F1: ir_3m | G1: sharpe | H1: mkt_cap | I1: sector_c1
B2: ABCB11-2023-07-15 | C2: ABCB11 | D2: 45122 | H2: 0.028966442 | I2: Bancos e Serviços Financeiros
B3: ABCB11-2023-08-15 | C3: ABCB11 | D3: 45153 | H3: 0.096020562 | I3: Bancos e Serviços Financeiros
B4: ABCB11-2023-09-15 | C4: ABCB11 | D4: 45184 | H4: 0.19436808 | I4: Bancos e Serviços Financeiros
B5: ABCB3-2023-07-15 | C5: ABCB3 | D5: 45122 | H5: 0.028966442 | I5: Bancos e Serviços Financeiros
B6: ABCB3-2023-08-15 | C6: ABCB3 | D6: 45153 | H6: 0.096020562 | I6: Bancos e Serviços Financeiros
B7: ABCB3-2023-09-15 | C7: ABCB3 | D7: 45184 | H7: 0.19436808 | I7: Bancos e Serviços Financeiros
B8: ABCB4-2023-07-15 | C8: ABCB4 | D8: 45122 | E8: =AVERAGE(F8:G8) -> -0.17915164 | F8: 0.49595556 | G8: -0.85425883 | H8: 0.028966442 | I8: Bancos e Serviços Financeiros
B9: ABCB4-2023-08-15 | C9: ABCB4 | D9: 45153 | E9: =AVERAGE(F9:G9) -> 0.31731133 | F9: 1 | G9: -0.36537734 | H9: 0.096020562 | I9: Bancos e Serviços Financeiros
B10: ABCB4-2023-09-15 | C10: ABCB4 | D10: 45184 | E10: =AVERAGE(F10:G10) -> 1 | F10: 1 | G10: 1 | H10: 0.19436808 | I10: Bancos e Serviços Financeiros
B11: ABYA3-2023-07-15 | C11: ABYA3 | D11: 45122
B12: ABYA3-2023-08-15 | C12: ABYA3 | D12: 45153
B13: ABYA3-2023-09-15 | C13: ABYA3 | D13: 45184
B14: ADHM3-2023-07-15 | C14: ADHM3 | D14: 45122 | I14: Consumo Não-Cíclico
B15: ADHM3-2023-08-15 | C15: ADHM3 | D15: 45153 | I15: Consumo Não-Cíclico
B16: ADHM3-2023-09-15 | C16: ADHM3 | D16: 45184 | I16: Consumo Não-Cíclico
B17: AERI3-2023-07-15 | C17: AERI3 | D17: 45122 | E17: -0.35548701 | F17: -1 | G17: -0.59353536 | H17: -0.80424795 | I17: Indústria
B18: AERI3-2023-08-15 | C18: AERI3 | D18: 45153 | E18: -0.36107576 | F18: -0.52946209 | G18: -0.46324876 | H18: -0.81336283 | I18: Indústria
B19: AERI3-2023-09-15 | C19: AERI3 | D19: 45184 | E19: -0.36107576 | F19: -1 | G19: -1 | H19: -0.8673348 | I19: Indústria
B20: AESB3-2023-07-15 | C20: AESB3 | D20: 45122 | E20: 1 | F20: 1 | G20: 0.77947905 | H20: 0.85918464 | I20: Utilidade Pública
B21: AESB3-2023-08-15 | C21: AESB3 | D21: 45153 | E21: 1 | F21: -1 | G21: -0.1235587 | H21: 0.72912716 | I21: Utilidade Pública
B22: AESB3-2023-09-15 | C22: AESB3 | D22: 45184 | E22: 1 | F22: -0.82464732 | G22: 0.16948464 | H22: 0.80562133 | I22: Utilidade Pública
B23: APPA3-2023-07-15 | C23: APPA3 | D23: 45122
B24: APPA3-2023-08-15 | C24: APPA3 | D24: 45153
B25: APPA3-2023-09-15 | C25: APPA3 | D25: 45184
B26: APPA4-2023-07-15 | C26: APPA4 | D26: 45122
B27: APPA4-2023-08-15 | C27: APPA4 | D27: 45153
B28: APPA4-2023-09-15 | C28: APPA4 | D28: 45184
B29: AVIL3-2023-07-15 | C29: AVIL3 | D29: 45122
B30: AVIL3-2023-08-15 | C30: AVIL3 | D30: 45153
B31: AVIL3-2023-09-15 | C31: AVIL3 | D31: 45184
B32: AVIL4-2023-07-15 | C32: AVIL4 | D32: 45122
B33: AVIL4-2023-08-15 | C33: AVIL4 | D33: 45153
B34: AVIL4-2023-09-15 | C34: AVIL4 | D34: 45184
B35: EALT3-2023-07-15 | C35: EALT3 | D35: 45122 | E35: -0.88629317 | H35: -1 | I35: Indústria
B36: EALT3-2023-08-15 | C36: EALT3 | D36: 45153 | E36: -0.90377081 | H36: -1 | I36: Indústria
B37: EALT3-2023-09-15 | C37: EALT3 | D37: 45184 | E37: -0.90377081 | H37: -1 | I37: Indústria
B38: EALT4-2023-07-15 | C38: EALT4 | D38: 45122 | E38: -0.88629317 | F38: 0.96283406 | G38: 0.27506063 | H38: -1 | I38: Indústria
B39: EALT4-2023-08-15 | C39: EALT4 | D39: 45153 | E39: -0.90377081 | F39: 0.22703582 | G39: 1 | H39: -1 | I39: Indústria
B40: EALT4-2023-09-15 | C40: EALT4 | D40: 45184 | E40: -0.90377081 | F40: -0.32525974 | G40: 0.95491258 | H40: -1 | I40: Indústria
B41: QVQP3B-2023-07-15 | C41: QVQP3B | D41: 45122 | E41: -1
B42: QVQP3B-2023-08-15 | C42: QVQP3B | D42: 45153 | E42: -1
B43: QVQP3B-2023-09-15 | C43: QVQP3B | D43: 45184 | E43: -1
B44: QVUM3B-2023-07-15 | C44: QVUM3B | D44: 45122
B45: QVUM3B-2023-08-15 | C45: QVUM3B | D45: 45153
B46: QVUM3B-2023-09-15 | C46: QVUM3B | D46: 45184
B47: RRRP3-2023-07-15 | C47: RRRP3 | D47: 45122 | E47: -0.48497589 | F47: -0.590753 | G47: -1 | H47: 1 | I47: Petróleo gás e biocombustíveis
B48: RRRP3-2023-08-15 | C48: RRRP3 | D48: 45153 | E48: -0.75207062 | F48: -0.047744874 | G48: -1 | H48: 1 | I48: Petróleo gás e biocombustíveis
B49: RRRP3-2023-09-15 | C49: RRRP3 | D49: 45184 | E49: -0.75207062 | F49: -0.32915529 | G49: 0.37962462 | H49: 1 | I49: Petróleo gás e biocombustíveis
B50: TIET3-2023-07-15 | C50: TIET3 | D50: 45122 | E50: 1 | H50: 0.85918464 | I50: Utilidade Pública
B51: TIET3-2023-08-15 | C51: TIET3 | D51: 45153 | E51: 1 | H51: 0.72912716 | I51: Utilidade Pública
B52: TIET3-2023-09-15 | C52: TIET3 | D52: 45184 | E52: 1 | H52: 0.80562133 | I52: Utilidade Pública
B53: TIET4-2023-07-15 | C53: TIET4 | D53: 45122 | E53: 1 | H53: 0.85918464 | I53: Utilidade Pública
B54: TIET4-2023-08-15 | C54: TIET4 | D54: 45153 | E54: 1 | H54: 0.72912716 | I54: Utilidade Pública
B55: TIET4-2023-09-15 | C55: TIET4 | D55: 45184 | E55: 1 | H55: 0.80562133 | I55: Utilidade Pública
B56: TTEN3-2023-07-15 | C56: TTEN3 | D56: 45122 | E56: 0.56125844 | F56: -0.24574747 | G56: 1 | H56: 0.6735756 | I56: Agro
B57: TTEN3-2023-08-15 | C57: TTEN3 | D57: 45153 | E57: 0.14214468 | F57: 0.45850655 | G57: -0.55289933 | H57: 0.7209265 | I57: Agro
B58: TTEN3-2023-09-15 | C58: TTEN3 | D58: 45184 | E58: 0.14214468 | F58: 0.13523832 | G58: -0.11193165 | H58: 0.81795436 | I58: Agro

Sheet calc_sector_filled_panel
B1: id | C1: tickers | D1: dates | E1: ebit_12m | F1: ir_3m | G1: sharpe | H1: mkt_cap | I1: sector_c1
B2: ABCB11-2023-07-15 | C2: ABCB11 | D2: 45122 | H2: 0.028966442 | I2: Bancos e Serviços Financeiros
B3: ABCB11-2023-08-15 | C3: ABCB11 | D3: 45153 | H3: 0.096020562 | I3: Bancos e Serviços Financeiros
B4: ABCB11-2023-09-15 | C4: ABCB11 | D4: 45184 | H4: 0.19436808 | I4: Bancos e Serviços Financeiros
B5: ABCB3-2023-07-15 | C5: ABCB3 | D5: 45122 | H5: 0.028966442 | I5: Bancos e Serviços Financeiros
B6: ABCB3-2023-08-15 | C6: ABCB3 | D6: 45153 | H6: 0.096020562 | I6: Bancos e Serviços Financeiros
B7: ABCB3-2023-09-15 | C7: ABCB3 | D7: 45184 | H7: 0.19436808 | I7: Bancos e Serviços Financeiros
B8: ABCB4-2023-07-15 | C8: ABCB4 | D8: 45122 | E8: -0.17915164 | F8: 0.49595556 | G8: -0.85425883 | H8: 0.028966442 | I8: Bancos e Serviços Financeiros
B9: ABCB4-2023-08-15 | C9: ABCB4 | D9: 45153 | E9: 0.31731133 | F9: 1 | G9: -0.36537734 | H9: 0.096020562 | I9: Bancos e Serviços Financeiros
B10: ABCB4-2023-09-15 | C10: ABCB4 | D10: 45184 | E10: 1 | F10: 1 | G10: 1 | H10: 0.19436808 | I10: Bancos e Serviços Financeiros
B11: ABYA3-2023-07-15 | C11: ABYA3 | D11: 45122
B12: ABYA3-2023-08-15 | C12: ABYA3 | D12: 45153
B13: ABYA3-2023-09-15 | C13: ABYA3 | D13: 45184
B14: ADHM3-2023-07-15 | C14: ADHM3 | D14: 45122 | I14: Consumo Não-Cíclico
B15: ADHM3-2023-08-15 | C15: ADHM3 | D15: 45153 | I15: Consumo Não-Cíclico
B16: ADHM3-2023-09-15 | C16: ADHM3 | D16: 45184 | I16: Consumo Não-Cíclico
B17: AERI3-2023-07-15 | C17: AERI3 | D17: 45122 | E17: -0.35548701 | F17: -1 | G17: -0.59353536 | H17: -0.80424795 | I17: Indústria
B18: AERI3-2023-08-15 | C18: AERI3 | D18: 45153 | E18: -0.36107576 | F18: -0.52946209 | G18: -0.46324876 | H18: -0.81336283 | I18: Indústria
B19: AERI3-2023-09-15 | C19: AERI3 | D19: 45184 | E19: -0.36107576 | F19: -1 | G19: -1 | H19: -0.8673348 | I19: Indústria
B20: AESB3-2023-07-15 | C20: AESB3 | D20: 45122 | E20: 1 | F20: 1 | G20: 0.77947905 | H20: 0.85918464 | I20: Utilidade Pública
B21: AESB3-2023-08-15 | C21: AESB3 | D21: 45153 | E21: 1 | F21: -1 | G21: -0.1235587 | H21: 0.72912716 | I21: Utilidade Pública
B22: AESB3-2023-09-15 | C22: AESB3 | D22: 45184 | E22: 1 | F22: -0.82464732 | G22: 0.16948464 | H22: 0.80562133 | I22: Utilidade Pública
B23: APPA3-2023-07-15 | C23: APPA3 | D23: 45122
B24: APPA3-2023-08-15 | C24: APPA3 | D24: 45153
B25: APPA3-2023-09-15 | C25: APPA3 | D25: 45184
B26: APPA4-2023-07-15 | C26: APPA4 | D26: 45122
B27: APPA4-2023-08-15 | C27: APPA4 | D27: 45153
B28: APPA4-2023-09-15 | C28: APPA4 | D28: 45184
B29: AVIL3-2023-07-15 | C29: AVIL3 | D29: 45122
B30: AVIL3-2023-08-15 | C30: AVIL3 | D30: 45153
B31: AVIL3-2023-09-15 | C31: AVIL3 | D31: 45184
B32: AVIL4-2023-07-15 | C32: AVIL4 | D32: 45122
B33: AVIL4-2023-08-15 | C33: AVIL4 | D33: 45153
B34: AVIL4-2023-09-15 | C34: AVIL4 | D34: 45184
B35: EALT3-2023-07-15 | C35: EALT3 | D35: 45122 | E35: -0.88629317 | H35: -1 | I35: Indústria
B36: EALT3-2023-08-15 | C36: EALT3 | D36: 45153 | E36: -0.90377081 | H36: -1 | I36: Indústria
B37: EALT3-2023-09-15 | C37: EALT3 | D37: 45184 | E37: -0.90377081 | H37: -1 | I37: Indústria
B38: EALT4-2023-07-15 | C38: EALT4 | D38: 45122 | E38: -0.88629317 | F38: 0.96283406 | G38: 0.27506063 | H38: -1 | I38: Indústria
B39: EALT4-2023-08-15 | C39: EALT4 | D39: 45153 | E39: -0.90377081 | F39: 0.22703582 | G39: 1 | H39: -1 | I39: Indústria
B40: EALT4-2023-09-15 | C40: EALT4 | D40: 45184 | E40: -0.90377081 | F40: -0.32525974 | G40: 0.95491258 | H40: -1 | I40: Indústria
B41: QVQP3B-2023-07-15 | C41: QVQP3B | D41: 45122 | E41: -1
B42: QVQP3B-2023-08-15 | C42: QVQP3B | D42: 45153 | E42: -1
B43: QVQP3B-2023-09-15 | C43: QVQP3B | D43: 45184 | E43: -1
B44: QVUM3B-2023-07-15 | C44: QVUM3B | D44: 45122
B45: QVUM3B-2023-08-15 | C45: QVUM3B | D45: 45153
B46: QVUM3B-2023-09-15 | C46: QVUM3B | D46: 45184
B47: RRRP3-2023-07-15 | C47: RRRP3 | D47: 45122 | E47: -0.48497589 | F47: -0.590753 | G47: -1 | H47: 1 | I47: Petróleo gás e biocombustíveis
B48: RRRP3-2023-08-15 | C48: RRRP3 | D48: 45153 | E48: -0.75207062 | F48: -0.047744874 | G48: -1 | H48: 1 | I48: Petróleo gás e biocombustíveis
B49: RRRP3-2023-09-15 | C49: RRRP3 | D49: 45184 | E49: -0.75207062 | F49: -0.32915529 | G49: 0.37962462 | H49: 1 | I49: Petróleo gás e biocombustíveis
B50: TIET3-2023-07-15 | C50: TIET3 | D50: 45122 | E50: 1 | H50: 0.85918464 | I50: Utilidade Pública
B51: TIET3-2023-08-15 | C51: TIET3 | D51: 45153 | E51: 1 | H51: 0.72912716 | I51: Utilidade Pública
B52: TIET3-2023-09-15 | C52: TIET3 | D52: 45184 | E52: 1 | H52: 0.80562133 | I52: Utilidade Pública
B53: TIET4-2023-07-15 | C53: TIET4 | D53: 45122 | E53: 1 | H53: 0.85918464 | I53: Utilidade Pública
B54: TIET4-2023-08-15 | C54: TIET4 | D54: 45153 | E54: 1 | H54: 0.72912716 | I54: Utilidade Pública
B55: TIET4-2023-09-15 | C55: TIET4 | D55: 45184 | E55: 1 | H55: 0.80562133 | I55: Utilidade Pública
B56: TTEN3-2023-07-15 | C56: TTEN3 | D56: 45122 | E56: 0.56125844 | F56: -0.24574747 | G56: 1 | H56: 0.6735756 | I56: Agro
B57: TTEN3-2023-08-15 | C57: TTEN3 | D57: 45153 | E57: 0.14214468 | F57: 0.45850655 | G57: -0.55289933 | H57: 0.7209265 | I57: Agro
B58: TTEN3-2023-09-15 | C58: TTEN3 | D58: 45184 | E58: 0.14214468 | F58: 0.13523832 | G58: -0.11193165 | H58: 0.81795436 | I58: Agro
B62: id | C62: tickers | D62: dates | E62: ebit_12m | F62: ir_3m | G62: sharpe | H62: mkt_cap | I62: sector_c1
B63: ABCB11-2023-07-15 | C63: ABCB11 | D63: 45122 | E63: =E65 -> -0.17915164 | F63: =F65 -> 0.49595556 | G63: =G65 -> -0.85425883 | H63: 0.028966442 | I63: Bancos e Serviços Financeiros
B64: ABCB3-2023-07-15 | C64: ABCB3 | D64: 45122 | E64: =E65 -> -0.17915164 | F64: =F65 -> 0.49595556 | G64: =G65 -> -0.85425883 | H64: 0.028966442 | I64: Bancos e Serviços Financeiros
B65: ABCB4-2023-07-15 | C65: ABCB4 | D65: 45122 | E65: -0.17915164 | F65: 0.49595556 | G65: -0.85425883 | H65: 0.028966442 | I65: Bancos e Serviços Financeiros
B66: ABYA3-2023-07-15 | C66: ABYA3 | D66: 45122
B67: ADHM3-2023-07-15 | C67: ADHM3 | D67: 45122 | I67: Consumo Não-Cíclico
B68: AERI3-2023-07-15 | C68: AERI3 | D68: 45122 | E68: -0.35548701 | F68: -1 | G68: -0.59353536 | H68: -0.80424795 | I68: Indústria
B69: AESB3-2023-07-15 | C69: AESB3 | D69: 45122 | E69: 1 | F69: 1 | G69: 0.77947905 | H69: 0.85918464 | I69: Utilidade Pública
B70: APPA3-2023-07-15 | C70: APPA3 | D70: 45122
B71: APPA4-2023-07-15 | C71: APPA4 | D71: 45122
B72: AVIL3-2023-07-15 | C72: AVIL3 | D72: 45122
B73: AVIL4-2023-07-15 | C73: AVIL4 | D73: 45122
B74: EALT3-2023-07-15 | C74: EALT3 | D74: 45122 | E74: -0.88629317 | F74: =AVERAGE(F75,F68) -> -0.018582969 | G74: =AVERAGE(G75,G68) -> -0.15923737 | H74: -1 | I74: Indústria
B75: EALT4-2023-07-15 | C75: EALT4 | D75: 45122 | E75: -0.88629317 | F75: 0.96283406 | G75: 0.27506063 | H75: -1 | I75: Indústria
B76: QVQP3B-2023-07-15 | C76: QVQP3B | D76: 45122 | E76: -1
B77: QVUM3B-2023-07-15 | C77: QVUM3B | D77: 45122
B78: RRRP3-2023-07-15 | C78: RRRP3 | D78: 45122 | E78: -0.48497589 | F78: -0.590753 | G78: -1 | H78: 1 | I78: Petróleo gás e biocombustíveis
B79: TIET3-2023-07-15 | C79: TIET3 | D79: 45122 | E79: 1 | F79: =F69 -> 1 | G79: =G69 -> 0.77947905 | H79: 0.85918464 | I79: Utilidade Pública
B80: TIET4-2023-07-15 | C80: TIET4 | D80: 45122 | E80: 1 | F80: =F79 -> 1 | G80: =G79 -> 0.77947905 | H80: 0.85918464 | I80: Utilidade Pública
B81: TTEN3-2023-07-15 | C81: TTEN3 | D81: 45122 | E81: 0.56125844 | F81: -0.24574747 | G81: 1 | H81: 0.6735756 | I81: Agro
B84: id | C84: tickers | D84: dates | E84: ebit_12m | F84: ir_3m | G84: sharpe | H84: mkt_cap | I84: sector_c1
B85: ABCB11-2023-08-15 | C85: ABCB11 | D85: 45153 | E85: =E87 -> 0.31731133 | F85: =F87 -> 1 | G85: =G87 -> -0.36537734 | H85: 0.096020562 | I85: Bancos e Serviços Financeiros
B86: ABCB3-2023-08-15 | C86: ABCB3 | D86: 45153 | E86: =E87 -> 0.31731133 | F86: =F87 -> 1 | G86: =G87 -> -0.36537734 | H86: 0.096020562 | I86: Bancos e Serviços Financeiros
B87: ABCB4-2023-08-15 | C87: ABCB4 | D87: 45153 | E87: 0.31731133 | F87: 1 | G87: -0.36537734 | H87: 0.096020562 | I87: Bancos e Serviços Financeiros
B88: ABYA3-2023-08-15 | C88: ABYA3 | D88: 45153
B89: ADHM3-2023-08-15 | C89: ADHM3 | D89: 45153 | I89: Consumo Não-Cíclico
B90: AERI3-2023-08-15 | C90: AERI3 | D90: 45153 | E90: -0.36107576 | F90: -0.52946209 | G90: -0.46324876 | H90: -0.81336283 | I90: Indústria
B91: AESB3-2023-08-15 | C91: AESB3 | D91: 45153 | E91: 1 | F91: -1 | G91: -0.1235587 | H91: 0.72912716 | I91: Utilidade Pública
B92: APPA3-2023-08-15 | C92: APPA3 | D92: 45153
B93: APPA4-2023-08-15 | C93: APPA4 | D93: 45153
B94: AVIL3-2023-08-15 | C94: AVIL3 | D94: 45153
B95: AVIL4-2023-08-15 | C95: AVIL4 | D95: 45153
B96: EALT3-2023-08-15 | C96: EALT3 | D96: 45153 | E96: -0.90377081 | F96: =AVERAGE(F97,F90) -> -0.15121314 | G96: =AVERAGE(G97,G90) -> 0.26837562 | H96: -1 | I96: Indústria
B97: EALT4-2023-08-15 | C97: EALT4 | D97: 45153 | E97: -0.90377081 | F97: 0.22703582 | G97: 1 | H97: -1 | I97: Indústria
B98: QVQP3B-2023-08-15 | C98: QVQP3B | D98: 45153 | E98: -1
B99: QVUM3B-2023-08-15 | C99: QVUM3B | D99: 45153
B100: RRRP3-2023-08-15 | C100: RRRP3 | D100: 45153 | E100: -0.75207062 | F100: -0.047744874 | G100: -1 | H100: 1 | I100: Petróleo gás e biocombustíveis
B101: TIET3-2023-08-15 | C101: TIET3 | D101: 45153 | E101: 1 | F101: =F91 -> -1 | G101: =G91 -> -0.1235587 | H101: 0.72912716 | I101: Utilidade Pública
B102: TIET4-2023-08-15 | C102: TIET4 | D102: 45153 | E102: 1 | F102: =F101 -> -1 | G102: =G101 -> -0.1235587 | H102: 0.72912716 | I102: Utilidade Pública
B103: TTEN3-2023-08-15 | C103: TTEN3 | D103: 45153 | E103: 0.14214468 | F103: 0.45850655 | G103: -0.55289933 | H103: 0.7209265 | I103: Agro
B107: id | C107: tickers | D107: dates | E107: ebit_12m | F107: ir_3m | G107: sharpe | H107: mkt_cap | I107: sector_c1
B108: ABCB11-2023-09-15 | C108: ABCB11 | D108: 45184 | E108: =E110 -> 1 | F108: =F110 -> 1 | G108: =G110 -> 1 | H108: 0.19436808 | I108: Bancos e Serviços Financeiros
...

Sheet sector_filled_panel
B1: id | C1: tickers | D1: dates | E1: ebit_12m | F1: ir_3m | G1: sharpe | H1: mkt_cap | I1: sector_c1
B2: ABCB11-2023-07-15 | C2: ABCB11 | D2: 45122 | E2: -0.17915164 | F2: 0.49595556 | G2: -0.85425883 | H2: 0.028966442 | I2: Bancos e Serviços Financeiros
B3: ABCB11-2023-08-15 | C3: ABCB11 | D3: 45153 | E3: 0.31731133 | F3: 1 | G3: -0.36537734 | H3: 0.096020562 | I3: Bancos e Serviços Financeiros
B4: ABCB11-2023-09-15 | C4: ABCB11 | D4: 45184 | E4: 1 | F4: 1 | G4: 1 | H4: 0.19436808 | I4: Bancos e Serviços Financeiros
B5: ABCB3-2023-07-15 | C5: ABCB3 | D5: 45122 | E5: -0.17915164 | F5: 0.49595556 | G5: -0.85425883 | H5: 0.028966442 | I5: Bancos e Serviços Financeiros
B6: ABCB3-2023-08-15 | C6: ABCB3 | D6: 45153 | E6: 0.31731133 | F6: 1 | G6: -0.36537734 | H6: 0.096020562 | I6: Bancos e Serviços Financeiros
B7: ABCB3-2023-09-15 | C7: ABCB3 | D7: 45184 | E7: 1 | F7: 1 | G7: 1 | H7: 0.19436808 | I7: Bancos e Serviços Financeiros
B8: ABCB4-2023-07-15 | C8: ABCB4 | D8: 45122 | E8: -0.17915164 | F8: 0.49595556 | G8: -0.85425883 | H8: 0.028966442 | I8: Bancos e Serviços Financeiros
B9: ABCB4-2023-08-15 | C9: ABCB4 | D9: 45153 | E9: 0.31731133 | F9: 1 | G9: -0.36537734 | H9: 0.096020562 | I9: Bancos e Serviços Financeiros
B10: ABCB4-2023-09-15 | C10: ABCB4 | D10: 45184 | E10: 1 | F10: 1 | G10: 1 | H10: 0.19436808 | I10: Bancos e Serviços Financeiros
B11: ABYA3-2023-07-15 | C11: ABYA3 | D11: 45122
B12: ABYA3-2023-08-15 | C12: ABYA3 | D12: 45153
B13: ABYA3-2023-09-15 | C13: ABYA3 | D13: 45184
B14: ADHM3-2023-07-15 | C14: ADHM3 | D14: 45122 | I14: Consumo Não-Cíclico
B15: ADHM3-2023-08-15 | C15: ADHM3 | D15: 45153 | I15: Consumo Não-Cíclico
B16: ADHM3-2023-09-15 | C16: ADHM3 | D16: 45184 | I16: Consumo Não-Cíclico
B17: AERI3-2023-07-15 | C17: AERI3 | D17: 45122 | E17: -0.35548701 | F17: -1 | G17: -0.59353536 | H17: -0.80424795 | I17: Indústria
B18: AERI3-2023-08-15 | C18: AERI3 | D18: 45153 | E18: -0.36107576 | F18: -0.52946209 | G18: -0.46324876 | H18: -0.81336283 | I18: Indústria
B19: AERI3-2023-09-15 | C19: AERI3 | D19: 45184 | E19: -0.36107576 | F19: -1 | G19: -1 | H19: -0.8673348 | I19: Indústria
B20: AESB3-2023-07-15 | C20: AESB3 | D20: 45122 | E20: 1 | F20: 1 | G20: 0.77947905 | H20: 0.85918464 | I20: Utilidade Pública
B21: AESB3-2023-08-15 | C21: AESB3 | D21: 45153 | E21: 1 | F21: -1 | G21: -0.1235587 | H21: 0.72912716 | I21: Utilidade Pública
B22: AESB3-2023-09-15 | C22: AESB3 | D22: 45184 | E22: 1 | F22: -0.82464732 | G22: 0.16948464 | H22: 0.80562133 | I22: Utilidade Pública
B23: APPA3-2023-07-15 | C23: APPA3 | D23: 45122
B24: APPA3-2023-08-15 | C24: APPA3 | D24: 45153
B25: APPA3-2023-09-15 | C25: APPA3 | D25: 45184
B26: APPA4-2023-07-15 | C26: APPA4 | D26: 45122
B27: APPA4-2023-08-15 | C27: APPA4 | D27: 45153
B28: APPA4-2023-09-15 | C28: APPA4 | D28: 45184
B29: AVIL3-2023-07-15 | C29: AVIL3 | D29: 45122
B30: AVIL3-2023-08-15 | C30: AVIL3 | D30: 45153
B31: AVIL3-2023-09-15 | C31: AVIL3 | D31: 45184
B32: AVIL4-2023-07-15 | C32: AVIL4 | D32: 45122
B33: AVIL4-2023-08-15 | C33: AVIL4 | D33: 45153
B34: AVIL4-2023-09-15 | C34: AVIL4 | D34: 45184
B35: EALT3-2023-07-15 | C35: EALT3 | D35: 45122 | E35: -0.88629317 | F35: -0.018582969 | G35: -0.15923737 | H35: -1 | I35: Indústria
B36: EALT3-2023-08-15 | C36: EALT3 | D36: 45153 | E36: -0.90377081 | F36: -0.15121314 | G36: 0.26837562 | H36: -1 | I36: Indústria
B37: EALT3-2023-09-15 | C37: EALT3 | D37: 45184 | E37: -0.90377081 | F37: -0.66262987 | G37: -0.022543712 | H37: -1 | I37: Indústria
B38: EALT4-2023-07-15 | C38: EALT4 | D38: 45122 | E38: -0.88629317 | F38: 0.96283406 | G38: 0.27506063 | H38: -1 | I38: Indústria
B39: EALT4-2023-08-15 | C39: EALT4 | D39: 45153 | E39: -0.90377081 | F39: 0.22703582 | G39: 1 | H39: -1 | I39: Indústria
B40: EALT4-2023-09-15 | C40: EALT4 | D40: 45184 | E40: -0.90377081 | F40: -0.32525974 | G40: 0.95491258 | H40: -1 | I40: Indústria
B41: QVQP3B-2023-07-15 | C41: QVQP3B | D41: 45122 | E41: -1
B42: QVQP3B-2023-08-15 | C42: QVQP3B | D42: 45153 | E42: -1
B43: QVQP3B-2023-09-15 | C43: QVQP3B | D43: 45184 | E43: -1
B44: QVUM3B-2023-07-15 | C44: QVUM3B | D44: 45122
B45: QVUM3B-2023-08-15 | C45: QVUM3B | D45: 45153
B46: QVUM3B-2023-09-15 | C46: QVUM3B | D46: 45184
B47: RRRP3-2023-07-15 | C47: RRRP3 | D47: 45122 | E47: -0.48497589 | F47: -0.590753 | G47: -1 | H47: 1 | I47: Petróleo gás e biocombustíveis
B48: RRRP3-2023-08-15 | C48: RRRP3 | D48: 45153 | E48: -0.75207062 | F48: -0.047744874 | G48: -1 | H48: 1 | I48: Petróleo gás e biocombustíveis
B49: RRRP3-2023-09-15 | C49: RRRP3 | D49: 45184 | E49: -0.75207062 | F49: -0.32915529 | G49: 0.37962462 | H49: 1 | I49: Petróleo gás e biocombustíveis
B50: TIET3-2023-07-15 | C50: TIET3 | D50: 45122 | E50: 1 | F50: 1 | G50: 0.77947905 | H50: 0.85918464 | I50: Utilidade Pública
B51: TIET3-2023-08-15 | C51: TIET3 | D51: 45153 | E51: 1 | F51: -1 | G51: -0.1235587 | H51: 0.72912716 | I51: Utilidade Pública
B52: TIET3-2023-09-15 | C52: TIET3 | D52: 45184 | E52: 1 | F52: -0.82464732 | G52: 0.16948464 | H52: 0.80562133 | I52: Utilidade Pública
B53: TIET4-2023-07-15 | C53: TIET4 | D53: 45122 | E53: 1 | F53: 1 | G53: 0.77947905 | H53: 0.85918464 | I53: Utilidade Pública
B54: TIET4-2023-08-15 | C54: TIET4 | D54: 45153 | E54: 1 | F54: -1 | G54: -0.1235587 | H54: 0.72912716 | I54: Utilidade Pública
B55: TIET4-2023-09-15 | C55: TIET4 | D55: 45184 | E55: 1 | F55: -0.82464732 | G55: 0.16948464 | H55: 0.80562133 | I55: Utilidade Pública
B56: TTEN3-2023-07-15 | C56: TTEN3 | D56: 45122 | E56: 0.56125844 | F56: -0.24574747 | G56: 1 | H56: 0.6735756 | I56: Agro
B57: TTEN3-2023-08-15 | C57: TTEN3 | D57: 45153 | E57: 0.14214468 | F57: 0.45850655 | G57: -0.55289933 | H57: 0.7209265 | I57: Agro
B58: TTEN3-2023-09-15 | C58: TTEN3 | D58: 45184 | E58: 0.14214468 | F58: 0.13523832 | G58: -0.11193165 | H58: 0.81795436 | I58: Agro

Sheet all_filled_panel
B1: id | C1: tickers | D1: dates | E1: ebit_12m | F1: ir_3m | G1: sharpe | H1: mkt_cap | I1: sector_c1 | L1: ebit_12m | M1: ir_3m | N1: sharpe | O1: mkt_cap
B2: ABCB11-2023-07-15 | C2: ABCB11 | D2: 45122 | E2: -0.17915164 | F2: 0.49595556 | G2: -0.85425883 | H2: 0.028966442 | I2: Bancos e Serviços Financeiros | K2: 45122 | L2: =AVERAGE(E2,E5,E8,E17,E20,E35,E38,E41,E47,E50,E53,E56) -> -0.049103809 | M2: =AVERAGE(F2,F5,F8,F17,F20,F35,F38,F47,F50,F53,F56) -> 0.3268743 | N2: =AVERAGE(G2,G5,G8,G17,G20,G35,G38,G47,G50,G53,G56) -> -0.06382286 | O2: =AVERAGE(H2,H5,H8,H17,H20,H35,H38,H47,H50,H53,H56) -> 0.13943463
B3: ABCB11-2023-08-15 | C3: ABCB11 | D3: 45153 | E3: 0.31731133 | F3: 1 | G3: -0.36537734 | H3: 0.096020562 | I3: Bancos e Serviços Financeiros | K3: 45153 | L3: =AVERAGE(E3,E6,E9,E18,E21,E36,E39,E42,E48,E51,E54,E57) -> 0.014449222 | M3: =AVERAGE(F3,F6,F9,F18,F21,F36,F39,F48,F51,F54,F57) -> -0.0038979767 | N3: =AVERAGE(G3,G6,G9,G18,G21,G36,G39,G48,G51,G54,G57) -> -0.20132551 | O3: =AVERAGE(H3,H6,H9,H18,H21,H36,H39,H48,H51,H54,H57) -> 0.12572789
B4: ABCB11-2023-09-15 | C4: ABCB11 | D4: 45184 | E4: 1 | F4: 1 | G4: 1 | H4: 0.19436808 | I4: Bancos e Serviços Financeiros | K4: 45184 | L4: =AVERAGE(E4,E7,E10,E19,E22,E37,E40,E43,E49,E52,E55,E58) -> 0.18512139 | M4: =AVERAGE(F4,F7,F10,F19,F22,F37,F40,F49,F52,F55,F58) -> -0.15052259 | N4: =AVERAGE(G4,G7,G10,G19,G22,G37,G40,G49,G52,G55,G58) -> 0.3371378 | O4: =AVERAGE(H4,H7,H10,H19,H22,H37,H40,H49,H52,H55,H58) -> 0.17732616
B5: ABCB3-2023-07-15 | C5: ABCB3 | D5: 45122 | E5: -0.17915164 | F5: 0.49595556 | G5: -0.85425883 | H5: 0.028966442 | I5: Bancos e Serviços Financeiros
B6: ABCB3-2023-08-15 | C6: ABCB3 | D6: 45153 | E6: 0.31731133 | F6: 1 | G6: -0.36537734 | H6: 0.096020562 | I6: Bancos e Serviços Financeiros
B7: ABCB3-2023-09-15 | C7: ABCB3 | D7: 45184 | E7: 1 | F7: 1 | G7: 1 | H7: 0.19436808 | I7: Bancos e Serviços Financeiros
B8: ABCB4-2023-07-15 | C8: ABCB4 | D8: 45122 | E8: -0.17915164 | F8: 0.49595556 | G8: -0.85425883 | H8: 0.028966442 | I8: Bancos e Serviços Financeiros
B9: ABCB4-2023-08-15 | C9: ABCB4 | D9: 45153 | E9: 0.31731133 | F9: 1 | G9: -0.36537734 | H9: 0.096020562 | I9: Bancos e Serviços Financeiros
B10: ABCB4-2023-09-15 | C10: ABCB4 | D10: 45184 | E10: 1 | F10: 1 | G10: 1 | H10: 0.19436808 | I10: Bancos e Serviços Financeiros
B11: ABYA3-2023-07-15 | C11: ABYA3 | D11: 45122 | E11: =$L$2 -> -0.049103809 | F11: =$M$2 -> 0.3268743 | G11: =$N$2 -> -0.06382286 | H11: =$O$2 -> 0.13943463
B12: ABYA3-2023-08-15 | C12: ABYA3 | D12: 45153 | E12: =$L$3 -> 0.014449222 | F12: =$M$3 -> -0.0038979767 | G12: =$N$3 -> -0.20132551 | H12: =$O$3 -> 0.12572789
B13: ABYA3-2023-09-15 | C13: ABYA3 | D13: 45184 | E13: =$L$4 -> 0.18512139 | F13: =$M$4 -> -0.15052259 | G13: =$N$4 -> 0.3371378 | H13: =$O$4 -> 0.17732616
B14: ADHM3-2023-07-15 | C14: ADHM3 | D14: 45122 | E14: =$L$2 -> -0.049103809 | F14: =$M$2 -> 0.3268743 | G14: =$N$2 -> -0.06382286 | H14: =$O$2 -> 0.13943463 | I14: Consumo Não-Cíclico
B15: ADHM3-2023-08-15 | C15: ADHM3 | D15: 45153 | E15: =$L$3 -> 0.014449222 | F15: =$M$3 -> -0.0038979767 | G15: =$N$3 -> -0.20132551 | H15: =$O$3 -> 0.12572789 | I15: Consumo Não-Cíclico
B16: ADHM3-2023-09-15 | C16: ADHM3 | D16: 45184 | E16: =$L$4 -> 0.18512139 | F16: =$M$4 -> -0.15052259 | G16: =$N$4 -> 0.3371378 | H16: =$O$4 -> 0.17732616 | I16: Consumo Não-Cíclico
B17: AERI3-2023-07-15 | C17: AERI3 | D17: 45122 | E17: -0.35548701 | F17: -1 | G17: -0.59353536 | H17: -0.80424795 | I17: Indústria
B18: AERI3-2023-08-15 | C18: AERI3 | D18: 45153 | E18: -0.36107576 | F18: -0.52946209 | G18: -0.46324876 | H18: -0.81336283 | I18: Indústria
B19: AERI3-2023-09-15 | C19: AERI3 | D19: 45184 | E19: -0.36107576 | F19: -1 | G19: -1 | H19: -0.8673348 | I19: Indústria
B20: AESB3-2023-07-15 | C20: AESB3 | D20: 45122 | E20: 1 | F20: 1 | G20: 0.77947905 | H20: 0.85918464 | I20: Utilidade Pública
B21: AESB3-2023-08-15 | C21: AESB3 | D21: 45153 | E21: 1 | F21: -1 | G21: -0.1235587 | H21: 0.72912716 | I21: Utilidade Pública
B22: AESB3-2023-09-15 | C22: AESB3 | D22: 45184 | E22: 1 | F22: -0.82464732 | G22: 0.16948464 | H22: 0.80562133 | I22: Utilidade Pública
B23: APPA3-2023-07-15 | C23: APPA3 | D23: 45122 | E23: =$L$2 -> -0.049103809 | F23: =$M$2 -> 0.3268743 | G23: =$N$2 -> -0.06382286 | H23: =$O$2 -> 0.13943463
B24: APPA3-2023-08-15 | C24: APPA3 | D24: 45153 | E24: =$L$3 -> 0.014449222 | F24: =$M$3 -> -0.0038979767 | G24: =$N$3 -> -0.20132551 | H24: =$O$3 -> 0.12572789
B25: APPA3-2023-09-15 | C25: APPA3 | D25: 45184 | E25: =$L$4 -> 0.18512139 | F25: =$M$4 -> -0.15052259 | G25: =$N$4 -> 0.3371378 | H25: =$O$4 -> 0.17732616
B26: APPA4-2023-07-15 | C26: APPA4 | D26: 45122 | E26: =$L$2 -> -0.049103809 | F26: =$M$2 -> 0.3268743 | G26: =$N$2 -> -0.06382286 | H26: =$O$2 -> 0.13943463
B27: APPA4-2023-08-15 | C27: APPA4 | D27: 45153 | E27: =$L$3 -> 0.014449222 | F27: =$M$3 -> -0.0038979767 | G27: =$N$3 -> -0.20132551 | H27: =$O$3 -> 0.12572789
B28: APPA4-2023-09-15 | C28: APPA4 | D28: 45184 | E28: =$L$4 -> 0.18512139 | F28: =$M$4 -> -0.15052259 | G28: =$N$4 -> 0.3371378 | H28: =$O$4 -> 0.17732616
B29: AVIL3-2023-07-15 | C29: AVIL3 | D29: 45122 | E29: =$L$2 -> -0.049103809 | F29: =$M$2 -> 0.3268743 | G29: =$N$2 -> -0.06382286 | H29: =$O$2 -> 0.13943463
B30: AVIL3-2023-08-15 | C30: AVIL3 | D30: 45153 | E30: =$L$3 -> 0.014449222 | F30: =$M$3 -> -0.0038979767 | G30: =$N$3 -> -0.20132551 | H30: =$O$3 -> 0.12572789
B31: AVIL3-2023-09-15 | C31: AVIL3 | D31: 45184 | E31: =$L$4 -> 0.18512139 | F31: =$M$4 -> -0.15052259 | G31: =$N$4 -> 0.3371378 | H31: =$O$4 -> 0.17732616
B32: AVIL4-2023-07-15 | C32: AVIL4 | D32: 45122 | E32: =$L$2 -> -0.049103809 | F32: =$M$2 -> 0.3268743 | G32: =$N$2 -> -0.06382286 | H32: =$O$2 -> 0.13943463
B33: AVIL4-2023-08-15 | C33: AVIL4 | D33: 45153 | E33: =$L$3 -> 0.014449222 | F33: =$M$3 -> -0.0038979767 | G33: =$N$3 -> -0.20132551 | H33: =$O$3 -> 0.12572789
B34: AVIL4-2023-09-15 | C34: AVIL4 | D34: 45184 | E34: =$L$4 -> 0.18512139 | F34: =$M$4 -> -0.15052259 | G34: =$N$4 -> 0.3371378 | H34: =$O$4 -> 0.17732616
B35: EALT3-2023-07-15 | C35: EALT3 | D35: 45122 | E35: -0.88629317 | F35: -0.018582969 | G35: -0.15923737 | H35: -1 | I35: Indústria
B36: EALT3-2023-08-15 | C36: EALT3 | D36: 45153 | E36: -0.90377081 | F36: -0.15121314 | G36: 0.26837562 | H36: -1 | I36: Indústria
B37: EALT3-2023-09-15 | C37: EALT3 | D37: 45184 | E37: -0.90377081 | F37: -0.66262987 | G37: -0.022543712 | H37: -1 | I37: Indústria
B38: EALT4-2023-07-15 | C38: EALT4 | D38: 45122 | E38: -0.88629317 | F38: 0.96283406 | G38: 0.27506063 | H38: -1 | I38: Indústria
B39: EALT4-2023-08-15 | C39: EALT4 | D39: 45153 | E39: -0.90377081 | F39: 0.22703582 | G39: 1 | H39: -1 | I39: Indústria
B40: EALT4-2023-09-15 | C40: EALT4 | D40: 45184 | E40: -0.90377081 | F40: -0.32525974 | G40: 0.95491258 | H40: -1 | I40: Indústria
B41: QVQP3B-2023-07-15 | C41: QVQP3B | D41: 45122 | E41: -1 | F41: =$M$2 -> 0.3268743 | G41: =$N$2 -> -0.06382286 | H41: =$O$2 -> 0.13943463
B42: QVQP3B-2023-08-15 | C42: QVQP3B | D42: 45153 | E42: -1 | F42: =$M$3 -> -0.0038979767 | G42: =$N$3 -> -0.20132551 | H42: =$O$3 -> 0.12572789
B43: QVQP3B-2023-09-15 | C43: QVQP3B | D43: 45184 | E43: -1 | F43: =$M$4 -> -0.15052259 | G43: =$N$4 -> 0.3371378 | H43: =$O$4 -> 0.17732616
B44: QVUM3B-2023-07-15 | C44: QVUM3B | D44: 45122 | E44: =$L$2 -> -0.049103809 | F44: =$M$2 -> 0.3268743 | G44: =$N$2 -> -0.06382286 | H44: =$O$2 -> 0.13943463
B45: QVUM3B-2023-08-15 | C45: QVUM3B | D45: 45153 | E45: =$L$3 -> 0.014449222 | F45: =$M$3 -> -0.0038979767 | G45: =$N$3 -> -0.20132551 | H45: =$O$3 -> 0.12572789
B46: QVUM3B-2023-09-15 | C46: QVUM3B | D46: 45184 | E46: =$L$4 -> 0.18512139 | F46: =$M$4 -> -0.15052259 | G46: =$N$4 -> 0.3371378 | H46: =$O$4 -> 0.17732616
B47: RRRP3-2023-07-15 | C47: RRRP3 | D47: 45122 | E47: -0.48497589 | F47: -0.590753 | G47: -1 | H47: 1 | I47: Petróleo gás e biocombustíveis
B48: RRRP3-2023-08-15 | C48: RRRP3 | D48: 45153 | E48: -0.75207062 | F48: -0.047744874 | G48: -1 | H48: 1 | I48: Petróleo gás e biocombustíveis
B49: RRRP3-2023-09-15 | C49: RRRP3 | D49: 45184 | E49: -0.75207062 | F49: -0.32915529 | G49: 0.37962462 | H49: 1 | I49: Petróleo gás e biocombustíveis
B50: TIET3-2023-07-15 | C50: TIET3 | D50: 45122 | E50: 1 | F50: 1 | G50: 0.77947905 | H50: 0.85918464 | I50: Utilidade Pública
B51: TIET3-2023-08-15 | C51: TIET3 | D51: 45153 | E51: 1 | F51: -1 | G51: -0.1235587 | H51: 0.72912716 | I51: Utilidade Pública
B52: TIET3-2023-09-15 | C52: TIET3 | D52: 45184 | E52: 1 | F52: -0.82464732 | G52: 0.16948464 | H52: 0.80562133 | I52: Utilidade Pública
B53: TIET4-2023-07-15 | C53: TIET4 | D53: 45122 | E53: 1 | F53: 1 | G53: 0.77947905 | H53: 0.85918464 | I53: Utilidade Pública
B54: TIET4-2023-08-15 | C54: TIET4 | D54: 45153 | E54: 1 | F54: -1 | G54: -0.1235587 | H54: 0.72912716 | I54: Utilidade Pública
B55: TIET4-2023-09-15 | C55: TIET4 | D55: 45184 | E55: 1 | F55: -0.82464732 | G55: 0.16948464 | H55: 0.80562133 | I55: Utilidade Pública
B56: TTEN3-2023-07-15 | C56: TTEN3 | D56: 45122 | E56: 0.56125844 | F56: -0.24574747 | G56: 1 | H56: 0.6735756 | I56: Agro
B57: TTEN3-2023-08-15 | C57: TTEN3 | D57: 45153 | E57: 0.14214468 | F57: 0.45850655 | G57: -0.55289933 | H57: 0.7209265 | I57: Agro
B58: TTEN3-2023-09-15 | C58: TTEN3 | D58: 45184 | E58: 0.14214468 | F58: 0.13523832 | G58: -0.11193165 | H58: 0.81795436 | I58: Agro
